season,game_id,player_id,team_id,wickets_scored,opposite_touchdowns,time_reversal_bonus,mask_points,flag_captures,invisible_zones_crossed,spontaneous_rule_declarations,song_quality_score,minutes_played,fouls_committed,style_points
1,1,17,5,1,4,-4.788786416359367,1,0,3,1,1.6630763350985944,16,1,83.72934984508902
1,1,10,5,1,0,4.54043220930248,1,3,1,0,6.360904918983579,35,0,40.64032803289592
1,1,20,5,2,4,-1.141713085472647,2,2,0,1,1.1507713655009866,45,2,40.81830398645252
1,1,2,1,1,5,-3.3014791498778795,1,0,1,0,9.690059965942055,8,1,19.48683497030288
1,1,19,1,2,4,4.655374546676771,1,1,1,0,1.416635112836957,35,0,17.796195414848626
1,1,8,1,0,0,0.5705471489859558,0,0,2,1,7.657994516193867,11,1,70.72688480839133
1,2,18,6,1,2,3.316145722598961,2,2,1,2,1.2959903734736145,43,3,8.785267686471343
1,2,30,6,3,-3,1.117606079372292,0,0,0,0,4.7266473062336445,5,2,79.14212411269546
1,2,11,6,0,-4,16.055994783836447,0,2,1,0,3.9760057954117656,12,0,91.36447601485997
1,2,25,3,1,8,3.711975787861575,0,2,0,1,5.373532329685986,21,1,98.99263782426715
1,2,12,3,2,2,3.339840372790521,1,0,2,0,0.2217671019025147,30,0,17.984821554273367
1,2,27,3,2,-3,-1.7644924104846198,2,2,0,2,7.654372723773122,38,0,11.75557232927531
1,3,14,6,1,-4,6.322479891309514,2,2,0,1,2.7482523932121694,11,0,71.13544761668891
1,3,18,6,2,8,1.4743451785399238,0,3,2,0,7.988871508277953,37,2,42.27498648688197
1,3,11,6,0,-4,-2.786374486979268,2,2,1,1,2.2826976026408374,29,1,58.001913549378514
1,3,23,1,3,7,-6.9576219216003645,1,3,0,1,0.8764482708647847,16,2,91.87085700687021
1,3,2,1,0,7,-8.599287648445685,0,2,0,0,5.531025310046971,27,0,16.51787229347974
1,3,8,1,3,1,1.0923114232850453,0,1,0,0,5.189447174780071,12,0,95.75858493335545
1,4,30,6,2,7,0.3806831747514027,3,0,1,0,9.277713969349861,18,1,39.47858663741499
1,4,18,6,3,4,-5.167485030364393,1,3,2,1,4.350994257256389,6,2,12.503827433101833
1,4,14,6,7,6,4.709621086654622,1,3,1,1,3.3216929831542075,9,4,66.94078797008842
1,4,7,4,0,5,0.4044411959955686,1,1,1,0,0.5963800405152142,41,1,82.49408851843327
1,4,26,4,2,5,6.293110626068001,1,0,2,1,1.6915690852329135,38,1,25.199023890309036
1,4,1,4,2,-3,1.3610862530167331,0,2,3,1,2.703459516633302,44,0,59.87117579206824
1,5,1,4,4,1,1.6504978495812295,2,3,1,1,7.809558296576142,16,1,57.12894923053682
1,5,9,4,4,1,2.3244921390386786,1,1,0,0,1.690955189988017,6,0,6.390092498622835
1,5,26,4,3,-4,-6.696718212993601,1,3,0,0,8.470262824557722,33,2,1.4512407593429089
1,5,24,2,1,1,-2.1774220549163616,0,1,0,1,8.410760061815381,44,1,12.143661244772375
1,5,22,2,4,0,0.7051835685533986,4,1,0,1,3.742945382837206,40,0,90.31090894713998
1,5,28,2,4,0,0.4002059533123854,3,0,1,0,8.834995615761727,14,3,65.82152238115668
1,6,1,4,1,6,7.095662581665948,0,2,0,0,7.256839326582849,12,3,6.0459393775090575
1,6,7,4,5,-5,2.664102878353968,2,2,1,0,4.9278474831953645,35,0,8.383349352516234
1,6,26,4,3,-1,-1.9561342612160517,2,2,0,1,0.5106883775442839,18,2,22.80298452824354
1,6,6,3,2,3,17.476521319927997,2,0,2,1,7.775142188183963,11,0,26.042109867557883
1,6,29,3,1,7,5.299129691668233,2,3,1,2,1.6192736476659775,36,3,26.59071886446327
1,6,12,3,0,5,-2.166071743055569,4,1,1,1,8.341594731900841,34,1,84.287826763466
1,7,24,2,1,10,3.992922561117229,1,0,1,0,8.077184185385704,32,0,41.994895320385695
1,7,15,2,3,8,-7.111672289726956,0,1,0,0,5.33630196005106,9,1,12.073640199378133
1,7,22,2,4,2,-0.20891051692682183,2,0,3,0,3.117350696120411,23,1,69.05988703947514
1,7,29,3,1,0,3.689951839355447,0,3,0,0,6.1363024497404695,11,1,57.14744278229773
1,7,12,3,2,-2,0.3466745639562686,0,1,1,1,9.474009110126644,28,1,49.725810112431645
1,7,27,3,0,8,-4.222800802906386,0,2,0,1,1.0363930719904602,16,0,22.54595858976245
1,8,24,2,3,1,-3.7806940787092156,1,1,1,1,6.242096782661974,25,0,73.203652119264
1,8,16,2,3,-1,0.058924066396386296,3,2,4,2,7.615041772369295,11,0,93.42642726842314
1,8,28,2,2,9,-2.2631540118732167,3,1,2,0,3.0415509967133403,5,1,37.71659650374204
1,8,19,1,1,4,4.267255117234513,1,1,2,0,1.3480515079572797,42,1,60.44444695580751
1,8,5,1,1,-3,4.571421416856102,2,0,0,1,6.563667661976069,23,0,2.1007286617532372
1,8,8,1,3,6,-6.8867136424387185,4,0,4,0,8.139325783122331,16,1,19.908589753322303
1,9,3,4,0,-5,-4.389362385083145,1,1,2,0,8.258778736926615,16,2,14.492501877248287
1,9,7,4,1,-5,6.194478839325981,1,2,3,1,0.8301802771165967,23,0,99.53722420614213
1,9,1,4,2,7,2.980402345852937,0,1,1,0,0.1938680768944323,34,0,66.1238310392946
1,9,15,2,1,3,1.0733181914811831,0,1,0,1,5.721841587219387,14,1,75.38890275172889
1,9,22,2,0,1,-6.0487636514814005,1,1,1,0,8.385609986726195,37,1,23.30875361803919
1,9,24,2,5,-2,1.0736158259706956,2,2,0,2,1.6728589218109846,41,0,29.850791045464575
1,10,21,5,3,6,0.3710297283596119,1,1,1,0,9.330681611318141,23,1,57.19915216322988
1,10,17,5,3,10,-9.13904320633168,2,1,1,1,0.21926815621554852,31,1,59.32014053687453
1,10,13,5,2,0,3.407712890222942,1,2,1,1,9.764787233434618,38,3,27.474726759828627
1,10,29,3,2,-4,-0.7071840415698509,0,3,2,3,1.896929326467216,19,1,41.46209927275777
1,10,12,3,3,4,-0.6082607177146923,1,2,3,3,9.803539421409369,28,2,97.1621370408684
1,10,25,3,5,-2,-4.278934445754434,1,1,4,1,8.043167139403522,11,2,51.67396427132189
1,11,12,3,0,-4,-4.0032455466995644,0,2,2,0,6.856144787743688,43,1,18.955725198611617
1,11,6,3,2,-2,-1.440616241542501,1,1,1,1,6.733413124457002,11,3,92.40018259733915
1,11,25,3,0,-2,7.374037157918554,2,3,0,0,3.908719257451594,13,0,20.063334074802697
1,11,7,4,1,-5,-7.6894324211412926,0,3,0,0,3.7314139190129936,25,0,2.9511887347325683
1,11,9,4,2,0,3.7317562328318346,2,0,2,0,5.794576855842024,37,3,11.331332754343748
1,11,26,4,1,6,-6.1330234686055505,1,2,1,1,2.2767775133252144,10,1,68.27086738776416
1,12,20,5,3,-2,-12.144037613412088,3,1,1,1,2.8421666310168803,17,0,59.59332506172359
1,12,17,5,3,7,1.6404800774206676,2,3,1,0,4.038017708808184,44,4,53.45735540613532
1,12,13,5,0,4,1.9545723254141882,1,0,1,2,7.116259126923978,19,1,30.09877724107355
1,12,9,4,4,7,-12.27138617468693,0,0,1,0,5.6482590874657035,7,1,70.37325042765588
1,12,1,4,3,7,-7.542588186861751,1,2,1,0,9.076357695739716,14,1,79.10456461831927
1,12,26,4,4,1,-1.4076404946408947,1,0,1,0,3.076999227050692,37,2,84.07773333601654
1,13,23,1,1,3,5.757226935222162,2,0,3,0,3.9596825535409153,16,1,76.13946243654937
1,13,19,1,0,4,-1.9408971501226167,3,0,0,1,1.2173876585438848,41,1,80.94652418512851
1,13,2,1,4,6,-7.889856521041735,1,2,1,0,9.760091239586473,6,0,30.237027374096215
1,13,14,6,4,-2,-2.164475967809048,0,0,0,0,4.125080115627497,27,1,60.49502929672599
1,13,30,6,1,-2,5.261115798627705,1,0,1,1,2.734025602694601,9,0,96.49805454537272
1,13,18,6,0,5,1.0670586526058525,1,3,2,0,6.145102148875594,26,2,76.46249162498862
1,14,10,5,1,0,-0.1437465761404007,3,2,0,0,9.295136770233512,11,1,8.212605980224907
1,14,17,5,4,9,-4.215265872436439,1,2,1,1,4.551777115557343,41,2,75.81025916151702
1,14,20,5,2,2,6.0443673258007475,1,3,2,1,1.1790063534863293,15,0,0.8231374202296138
1,14,30,6,4,7,2.543929705803305,1,0,1,0,7.748455530963838,44,1,67.7332675550133
1,14,11,6,2,3,-8.229774010749999,3,1,2,0,7.9737675888463855,19,0,64.41852198913693
1,14,14,6,2,7,-2.0446695622410886,0,3,2,2,8.91422909218818,45,0,78.19187599234283
1,15,20,5,3,-3,-8.566948865831423,0,2,3,1,9.99135590158403,10,1,83.21282274555415
1,15,13,5,5,-3,-5.0337692803663465,2,0,1,1,0.581491133198142,12,1,24.461630498990417
1,15,21,5,2,4,-5.6787603997871425,1,2,1,0,9.359889274928719,26,2,76.95891996845603
1,15,24,2,3,8,3.609942604717715,0,3,4,0,0.8648572862148285,5,1,19.549890817143023
1,15,22,2,0,-3,-2.444205808836691,4,2,1,0,3.638984472490847,36,2,31.16811343934387
1,15,16,2,1,0,2.9836373901054714,1,1,0,0,9.30429544299841,17,1,66.16442420054227
1,16,17,5,1,7,2.0885892654429803,2,3,3,0,8.627292928285897,17,2,54.48414005804807
1,16,10,5,2,2,-1.1467394648559643,0,2,1,0,7.091884335968643,29,0,52.19119000248611
1,16,21,5,3,3,-2.396509482053729,1,1,1,1,3.6282740300521255,18,0,87.49647231306881
1,16,1,4,2,0,-5.607422981865993,0,3,2,1,9.611164054367691,15,2,16.082847025245428
1,16,3,4,1,9,1.2763416781450685,1,1,1,1,4.843186486978084,23,0,73.97418504115194
1,16,9,4,3,-1,-2.966687705338748,0,3,1,0,4.423210909590125,36,0,77.67074885778129
1,17,8,1,2,3,-1.974361269920697,1,1,2,0,1.0469984030351043,40,1,12.453694827854633
1,17,23,1,6,6,-7.391531529752604,0,0,1,0,5.792414124589413,39,0,29.032750451005995
1,17,19,1,1,2,5.42073907059334,1,0,1,0,6.441381967160851,38,1,54.352919943630695
1,17,11,6,3,-1,0.2731628952615383,0,3,1,0,1.6766793350689113,42,1,69.17076359968632
1,17,4,6,1,9,-0.5916721907277431,0,1,1,1,1.3791502127423882,25,0,85.42710451874882
1,17,14,6,3,8,1.2020999088774804,2,3,1,1,5.44584876159206,22,2,6.541119399480522
1,18,15,2,1,9,-10.104367925080222,1,3,0,0,1.181560973636806,25,0,54.700842942111194
1,18,16,2,3,-1,0.4654108630895931,1,2,0,0,6.415883817244321,42,3,38.44126504845917
1,18,22,2,1,-2,-0.1662095715932668,2,0,1,0,9.406055766157806,11,2,70.30200657900423
1,18,1,4,1,-4,2.709568297704568,0,3,0,0,8.43151141423732,17,1,38.02125167567283
1,18,26,4,2,9,4.174710498567298,0,2,0,0,7.8220111364498734,32,1,37.469227984547615
1,18,3,4,1,0,-0.35869313529780533,0,3,0,2,5.600801450200379,15,0,50.8186420192942
1,19,13,5,0,0,-2.1705434978765723,0,2,1,0,7.592725409194827,40,0,75.91814196202904
1,19,17,5,0,4,6.278920870752388,0,0,2,0,5.84755172021687,40,2,74.2774649290368
1,19,21,5,3,2,5.699552522838767,2,0,1,0,5.681872933637351,41,0,76.68773191981018
1,19,15,2,0,-2,-3.006914989182909,1,2,0,1,7.97274365555495,36,0,20.360441808588803
1,19,28,2,2,-4,4.3521491017345735,0,2,2,0,0.1749670971184969,22,1,51.63158304058015
1,19,22,2,4,-5,2.7771899457533857,2,3,0,0,6.172919343225658,29,2,63.97164505906403
1,20,23,1,3,-3,-0.564099901519147,3,0,1,1,0.4877419816330075,21,1,73.29662516713142
1,20,5,1,1,8,-10.270084870808997,2,2,0,0,9.48340498143807,16,0,50.151486112736166
1,20,2,1,1,3,-4.565865202407365,0,3,1,1,0.435076963622123,27,1,74.89282372407615
1,20,12,3,1,6,2.611823120065748,2,1,1,0,0.199966614600271,11,0,47.62604641728103
1,20,25,3,5,1,8.131011164210973,1,0,2,0,1.154525347519666,5,2,78.243753663264215
1,20,6,3,1,5,-4.358104054712788,1,2,2,0,2.8464062698185444,12,0,69.40678518731147
1,21,9,4,3,-5,-0.6731652295111867,1,0,3,0,6.535190280992538,40,2,97.55322060082108
1,21,26,4,2,10,7.3974392241939135,1,1,2,1,3.651303716469556,24,0,23.82885606493801
1,21,3,4,3,-4,11.480020203856691,1,0,3,0,4.063637193758041,13,2,49.16613628156483
1,21,13,5,1,6,1.378231391433546,0,0,0,0,7.437739779707044,40,3,25.708852102980018
1,21,17,5,1,6,-4.419380562629977,0,0,0,0,7.471816285979003,16,2,7.302413531579077
1,21,21,5,2,10,3.797936560295894,0,0,1,0,7.523963036946952,6,1,30.278516956605017
1,22,11,6,0,-1,-5.012599166807943,0,1,0,1,8.007102028932422,44,0,57.51996056642383
1,22,4,6,2,9,-1.9919091917206069,2,0,2,0,2.7331236749887466,36,2,55.14585762284696
1,22,14,6,1,-5,-6.804594011140688,2,3,1,1,0.3508408251218498,10,1,8.009691955521703
1,22,7,4,1,-1,-1.9272232234785205,2,0,0,0,3.893273549620062,16,0,57.62092461809516
1,22,9,4,2,3,2.461096179190187,2,0,1,0,3.2057727687060833,32,0,40.3977733803913
1,22,26,4,3,2,5.009059929526871,1,1,0,1,8.109777411445975,45,2,16.272804769687355
1,23,14,6,4,3,1.2718444146016137,1,2,2,2,4.545617138501257,43,0,58.49321710411459
1,23,11,6,1,6,-5.107368856598211,2,2,1,0,4.501556030008942,26,1,5.94306334387511
1,23,4,6,4,-3,-6.227307343716825,1,2,0,0,4.890894661657512,32,1,70.41212862823159
1,23,16,2,2,1,0.09077874612920075,2,3,1,2,5.401780225802213,43,2,52.31699838768691
1,23,24,2,3,0,7.3621932258786185,2,1,0,5,5.330372559837997,6,0,41.96329740807414
1,23,22,2,2,4,-0.6397282227459329,2,2,1,1,8.684613411314785,22,4,17.57272402755916
1,24,14,6,4,0,4.5702447275734075,0,2,0,1,5.137762010563165,28,1,46.21776689309627
1,24,18,6,4,8,-0.18774685921274015,1,2,2,0,8.791381339542568,38,2,93.14941025804728
1,24,11,6,2,6,1.9047520572727445,2,3,2,1,4.754745534155518,42,1,28.126375935971737
1,24,8,1,5,-1,7.356835062359921,0,1,3,2,4.657905839849263,17,0,63.92342757899314
1,24,23,1,4,9,0.4223387778385803,2,1,3,0,8.599005499854684,12,0,98.42621237039566
1,24,5,1,2,-1,-4.935662166537506,0,2,1,0,3.823641741182655,44,2,90.81578701734543
1,25,9,4,0,6,0.5731408763623307,0,2,2,2,7.801930562127382,38,1,12.97811339609325
1,25,3,4,1,-5,-3.775686450444267,0,1,1,1,9.907760447822511,16,0,72.11076559033245
1,25,26,4,0,0,-0.6020002478065133,0,3,0,2,1.9097527163103223,44,0,93.23307890444994
1,25,10,5,0,7,3.578299303317218,2,2,1,1,0.692252570297569,8,1,95.34500516019762
1,25,17,5,1,-1,-4.149587683162735,1,3,0,2,3.8411748874932528,24,0,33.481920533813536
1,25,21,5,2,3,-4.231529524422474,0,1,0,2,5.04408085020259,7,2,19.677759683690965
1,26,11,6,1,0,1.4992614879695407,1,1,1,0,5.317661385051906,35,0,86.66495736688375
1,26,30,6,2,8,-4.965767931110355,2,3,0,1,8.447869499213994,17,2,72.40292807109654
1,26,18,6,4,2,13.36956173705476,0,0,0,1,0.32344065606594086,20,1,95.70905165746808
1,26,1,4,0,-2,1.5066679156629028,1,2,0,0,6.738605671562254,32,2,91.19376477319747
1,26,26,4,1,4,-7.463386314649718,2,3,1,0,9.328167082276195,17,0,33.486824412830174
1,26,9,4,1,5,5.56465732099581,3,2,0,0,7.33472878113389,11,1,10.134994913823903
1,27,29,3,8,6,6.510743850822331,1,1,2,0,3.0013580550439656,15,1,1.0638768086209893
1,27,6,3,2,9,1.915152743010213,1,0,0,2,7.92086424306035,29,2,14.639889867976308
1,27,12,3,1,4,-2.4922932152236537,1,3,0,1,5.592445090878755,42,0,66.97307873982936
1,27,28,2,1,3,-3.9108431957388587,0,1,0,1,3.9436784107238054,15,2,24.018290406093
1,27,24,2,1,3,7.6905202513526625,1,2,0,0,9.907430412713438,41,0,50.74065083172172
1,27,15,2,4,0,-6.467372974426194,2,2,1,1,2.7733932598493993,35,0,82.67196221277118
1,28,1,4,1,3,-2.803481706300005,3,0,1,2,4.425107352435589,23,2,67.97574092634022
1,28,26,4,1,3,0.6942518160782296,3,0,1,0,2.1209989534690976,42,0,99.57727924920619
1,28,9,4,1,4,1.263312455166644,1,2,2,0,9.642085926607251,26,3,54.12643924355507
1,28,10,5,0,-4,9.99554427236377,1,1,0,2,9.682472455315292,39,1,23.102579708211124
1,28,20,5,5,-5,-0.21761837069659934,0,1,0,0,8.701002865564078,20,0,15.599551587365568
1,28,17,5,3,8,0.599467833081704,1,2,2,2,3.137259667273611,38,0,34.38044290523976
1,29,25,3,2,5,3.9816224954457273,2,0,2,0,5.195609028451145,37,2,97.07187421154231
1,29,29,3,2,6,-3.1640751907641333,3,2,0,0,8.01092051435262,17,1,43.834683019667864
1,29,27,3,2,4,-3.056999942233219,1,3,3,1,4.61363488342613,12,0,42.21103342715651
1,29,15,2,1,4,-2.477892609684593,1,0,0,0,8.734179658349603,22,1,9.343477943912148
1,29,16,2,4,-2,4.952179263621441,3,2,0,0,7.189022826496512,21,0,10.298108449205756
1,29,24,2,2,3,-2.997387357058856,1,3,1,1,0.17010010546073318,19,2,74.63229524437338
1,30,21,5,2,0,7.511719774814136,1,1,1,0,0.6900980998761952,15,0,67.12264677044004
1,30,13,5,1,-4,3.6053498987411037,0,1,1,1,4.134272672235966,18,1,59.732246468774974
1,30,17,5,1,-2,-4.744961242854135,1,1,1,1,0.36829143296927214,18,1,39.5150686847046
1,30,3,4,0,8,-2.0761723077660794,1,2,0,0,0.801833919249475,43,0,81.37986524961889
1,30,26,4,2,-4,-4.620392256366996,0,2,0,1,2.985804113559425,34,0,72.44245782494545
1,30,7,4,4,-4,-6.428405722578582,1,3,0,0,5.36993172718212,28,0,54.25372302997857
1,31,13,5,3,10,0.6258214028325527,0,1,1,1,6.866414360702038,15,0,46.66225279215723
1,31,21,5,1,-1,10.636433996008146,1,3,0,1,2.8088355250656605,45,1,66.14040592685342
1,31,20,5,2,4,2.9600848404848534,1,3,0,1,0.577448804397136,30,2,27.061534044332802
1,31,1,4,5,-1,-8.97400726018889,2,0,0,0,3.526614757720381,6,1,92.13946145027876
1,31,7,4,2,3,-1.9181371513335495,2,0,0,0,5.782573006581515,21,2,22.82803556881845
1,31,3,4,3,5,0.9823465039992154,2,0,2,0,3.419950697571039,34,0,70.36751699633896
1,32,21,5,1,3,2.433427155195819,0,3,3,0,8.52814509999007,7,1,2.2390546509996057
1,32,13,5,0,-1,7.8934998376340415,0,3,1,0,6.8744147615507245,14,2,70.93774869572371
1,32,17,5,2,4,1.587341682433322,1,3,0,0,7.33283216599375,23,1,81.40982436016202
1,32,28,2,4,-4,6.903515855648252,1,3,0,0,5.171250000130385,32,0,39.8160582408309
1,32,24,2,1,10,0.38567148504493165,1,1,1,1,3.8303669542074203,43,1,92.94703821651638
1,32,16,2,1,3,-3.8760233006973817,1,0,3,0,0.0038257427513599396,14,0,34.82339733745903
1,33,20,5,4,7,7.415358012602619,0,2,0,1,3.4105671592988074,35,0,28.79923975560814
1,33,21,5,1,5,-2.80005167248351,0,3,0,0,3.6993086454458535,43,1,53.71307940222323
1,33,13,5,3,-5,4.789367997125035,0,3,1,1,9.902465792838484,17,0,62.91031742002815
1,33,7,4,3,9,-3.4917233034113386,2,1,1,0,1.7925464734435081,13,2,67.35503650270402
1,33,3,4,4,-1,4.414001924992029,0,0,1,0,9.357298230752349,44,1,80.79350274056196
1,33,1,4,1,-2,-0.7714730104319378,0,0,0,2,4.65234202099964,14,2,67.036173469387
1,34,6,3,3,-5,-2.8906868538225448,1,3,1,0,7.8368296404369175,13,0,1.2920429231598973
1,34,25,3,1,8,4.2668521807254685,2,3,1,1,4.1736417124047875,36,2,84.65668587014079
1,34,27,3,2,1,6.309579730227586,4,3,1,0,9.255642853677273,6,1,45.496102795004845
1,34,1,4,3,4,2.527632864588232,0,1,1,0,2.4537888169288635,38,2,47.39254396408796
1,34,26,4,1,-3,6.887473051144138,2,2,2,0,6.790783246979117,33,0,33.69198702275753
1,34,9,4,1,7,-2.0123264654014443,0,3,0,0,9.19920994201675,23,0,22.20729631371796
1,35,29,3,2,3,-6.379846865370524,1,3,0,0,7.878354310523719,11,1,90.75774229131639
1,35,27,3,1,3,-1.737577684878662,1,2,2,0,6.832151704002172,23,1,66.0101497080177
1,35,6,3,0,-2,0.5969821067269929,0,0,1,2,2.54359629470855,35,1,89.45879016537219
1,35,14,6,0,8,-0.8217959323136853,3,3,3,1,0.06411640672013164,33,0,7.4033735087141395
1,35,4,6,0,-4,-6.3814828312592,4,0,2,1,4.563582218252122,39,2,46.97964177466929
1,35,18,6,6,0,3.185449619017807,3,1,0,0,1.4022197248414159,26,2,90.52002166863531
1,36,5,1,1,5,4.748149969102729,3,1,2,0,0.8366804267279804,43,1,28.05960369296372
1,36,23,1,2,-2,0.43549968642863346,1,3,0,0,6.29784980090335,7,2,8.058895915746689
1,36,2,1,5,6,2.399661144263434,0,1,0,0,2.7045681793242693,28,1,40.406029182486236
1,36,22,2,2,0,14.521080458116934,1,1,1,0,4.180849897675216,9,0,95.14104309491813
1,36,28,2,3,7,-2.637860632003272,1,3,1,0,0.023385186213999987,40,2,56.29288819618523
1,36,16,2,2,4,-4.267185113326843,2,2,0,0,0.3770631761290133,15,0,16.694707050919533
1,37,16,2,1,-1,0.9085885569890235,1,1,1,1,4.9886233964934945,6,0,87.64601473230869
1,37,24,2,3,-2,-7.429197258686642,4,1,3,0,6.983861788176,25,0,27.846233802847564
1,37,15,2,2,1,-8.315937926033367,1,2,2,0,7.997163946274668,8,1,46.87137729488313
1,37,25,3,1,9,1.3177614307540895,0,2,0,0,9.650476109236479,23,0,69.16312435641885
1,37,6,3,5,9,2.640527207442536,0,1,4,0,4.839669840876013,45,3,0.4361041821539402
1,37,12,3,2,10,2.7671270155022247,0,3,0,1,0.22727171424776316,19,0,87.42389003746212
1,38,28,2,2,6,-2.4730034276650983,2,0,1,1,4.856242502573878,30,0,65.61610258650035
1,38,22,2,1,7,2.304186634101519,1,1,2,0,0.5116160144098103,39,1,29.647773853503168
1,38,15,2,1,-5,7.316855376511025,1,0,0,0,0.9542676177807152,25,1,14.987673098221421
1,38,20,5,1,2,-0.4191654977109239,1,2,2,1,1.4122436894103885,19,6,72.72963239811361
1,38,17,5,2,-2,-2.681869231731955,1,2,1,0,7.370167567860335,6,0,6.201497791334987
1,38,21,5,0,9,-0.44953454731605885,2,0,1,0,8.474423687439412,12,1,64.13271508645266
1,39,6,3,2,6,1.2699924972518692,0,0,1,1,0.9854504675604403,32,0,75.85053611546755
1,39,25,3,5,10,5.801789016451508,0,0,3,0,2.9816086613573134,11,2,43.45961450599134
1,39,12,3,4,4,6.655014791313235,2,2,1,0,2.922802206594497,31,2,16.916132578626275
1,39,9,4,2,10,-3.4121831063213417,0,3,2,0,7.757927121128887,29,3,18.921391339972615
1,39,1,4,1,5,1.2984361362811467,0,2,1,0,1.98719909414649,27,1,62.89516226388514
1,39,26,4,2,9,7.2280082446291285,1,3,0,1,0.4090867843478918,30,0,81.755905225873
1,40,2,1,1,4,9.120309280740798,1,2,0,1,4.434430233668536,10,0,84.0403804089874
1,40,5,1,0,10,-0.4267519078303828,2,1,2,1,5.3012626292183995,25,3,53.82941132411361
1,40,23,1,2,-5,-12.174768586024813,3,0,0,0,3.503169969189912,44,1,53.582648281008005
1,40,24,2,1,8,-3.1719228263459938,1,1,0,0,5.513455753680319,19,1,56.80171332787722
1,40,22,2,2,-4,4.076175938312218,2,1,2,1,9.451008986216038,30,0,5.627156258560717
1,40,15,2,2,-4,-0.892867974181471,2,3,0,1,2.6167617412284017,42,1,40.050860261544585
1,41,21,5,3,5,-0.9870947892229948,0,1,1,2,1.2545332941226661,12,1,37.798721343278885
1,41,10,5,2,-4,9.472358730120177,0,1,1,1,5.9994698711670935,26,1,43.039748701266944
1,41,17,5,4,6,-2.4519611856030616,1,2,2,1,3.756483462639153,25,1,13.677730155177414
1,41,28,2,2,1,3.121944190218095,1,0,0,0,1.8752377922646701,36,1,64.85343172680587
1,41,24,2,0,-1,1.22688848014768,0,3,1,2,9.855452964548022,37,4,1.7971527064219117
1,41,15,2,2,0,-5.856361428478243,2,2,4,0,4.153279282618314,7,4,18.205350288189948
1,42,26,4,3,-2,0.23516183609436092,0,3,1,0,4.711894858628511,17,0,46.77612213417888
1,42,9,4,2,3,2.7078268734269373,0,3,1,0,6.930464110337198,26,1,42.045828769914806
1,42,1,4,1,1,2.487748707546483,1,3,0,0,9.728642681147903,10,1,65.63308027107269
1,42,19,1,4,0,-2.2531700497977667,0,0,0,1,8.47227908205241,30,2,77.78958957642317
1,42,5,1,5,-3,-5.7741938480805235,1,3,1,0,6.8108832207508385,20,1,86.45683354698122
1,42,8,1,4,4,4.098372343077404,2,2,1,0,8.845443848986179,8,1,4.412972088903189
1,43,21,5,3,-4,-1.3314804833160474,0,0,1,0,1.9137492845766246,38,0,56.53081457130611
1,43,20,5,2,-1,-5.492994072906114,1,1,1,0,9.589569496456534,23,1,48.884460353292525
1,43,17,5,3,9,5.821087325884566,1,2,1,1,3.937375566456467,8,1,0.7990277139469981
1,43,27,3,3,3,0.9746293834507065,0,1,2,0,2.892349506728351,15,1,3.444672329351306
1,43,6,3,0,10,7.927298621760736,2,3,1,0,3.5305383312515914,21,0,79.40147810149938
1,43,25,3,2,-3,4.684918788005649,1,1,2,0,9.817511921282858,10,0,49.23535925336182
1,44,5,1,0,-3,-5.071554324066403,3,1,2,0,0.645443273242563,8,2,99.36627978459
1,44,23,1,2,2,-6.654608341549459,1,3,2,1,1.5984405996277928,25,1,79.5498677296564
1,44,8,1,0,1,2.6486343716103677,0,1,0,0,1.487671951763332,12,2,48.91795900184661
1,44,4,6,2,7,2.4927169856964686,1,2,1,1,4.636444507632405,13,1,98.72989258728921
1,44,18,6,3,2,-0.08439019693406788,1,3,2,0,7.517139250412583,14,2,5.982493190094829
1,44,11,6,0,10,1.7245366733447671,1,0,0,2,2.257504870649427,6,1,35.12255579698831
1,45,27,3,3,6,10.00998972753383,2,3,1,1,6.002802923321724,13,3,58.797054761089385
1,45,29,3,1,-1,0.3222222019660378,1,0,0,0,3.6250691465102136,34,1,33.71468037366867
1,45,12,3,0,-1,1.8393635179226178,1,2,1,0,7.635199506767094,36,3,45.56039157323539
1,45,15,2,0,-4,0.20864658116037393,0,1,1,1,4.486220222897828,21,0,96.89944109413773
1,45,22,2,0,-5,10.601568622503885,0,0,1,0,1.3374460465274751,42,3,26.89417921938002
1,45,24,2,0,4,-4.442961369243246,0,0,1,0,3.1177937774918973,16,4,35.93307905830443
1,46,21,5,2,9,-3.125411198031112,1,3,2,1,9.139512032270432,5,1,3.176662209443748
1,46,17,5,1,4,2.670488419151285,2,1,2,1,4.314080679323524,37,2,86.72767346724868
1,46,20,5,2,10,3.5328943165473783,0,3,1,0,4.026921750046313,13,4,98.70474722702056
1,46,4,6,5,5,-1.3160001308552367,1,0,2,2,5.640140024479479,36,0,33.72984849847853
1,46,30,6,4,8,-0.08691265140751346,0,1,1,0,6.463574548251927,24,1,53.05844391696155
1,46,18,6,4,9,3.793191363442898,2,1,0,1,8.291055031586438,26,0,59.69260015990585
1,47,22,2,0,0,-6.04974908352901,2,3,0,1,0.9090786916203797,16,2,57.6409988803789
1,47,24,2,2,4,-0.2271571920193027,0,0,0,0,9.032462323084474,34,0,60.0613770307973
1,47,15,2,0,4,-3.9264081864237736,2,3,0,0,5.1862438465468585,38,1,37.9338892409578
1,47,7,4,0,10,2.6383217354375628,1,3,0,0,9.456363408826292,19,0,58.23731867130846
1,47,1,4,1,10,4.024715599151801,0,2,0,1,5.190479019656777,36,1,86.14135344978422
1,47,26,4,0,-3,7.713796781484776,1,1,0,1,0.9635738236829638,8,2,40.95866938587278
1,48,4,6,2,6,-5.589167523413296,1,0,3,0,9.674061790574342,14,0,61.329185869544744
1,48,30,6,3,4,7.5745385521876605,1,3,0,1,7.837333092465997,21,0,16.394531400874257
1,48,18,6,2,9,5.294853292057843,0,1,0,0,1.3541655521839857,10,1,94.43062930367887
1,48,19,1,4,1,-1.4382622119375277,3,2,0,1,5.714289925526828,30,1,2.3299504537135363
1,48,2,1,3,-5,3.2513185888799105,1,1,0,0,8.990479290951043,36,0,33.516892162151635
1,48,23,1,2,9,-8.767945109598296,2,1,0,0,5.556879029609263,36,2,85.34450333099812
1,49,2,1,2,0,10.819755522200662,1,2,0,0,8.221763940528035,39,2,99.73232364282012
1,49,8,1,2,0,-3.2860901747485367,1,3,2,1,6.148049545008689,15,3,78.26635406818241
1,49,5,1,6,1,-4.94597633921555,1,2,0,1,2.9298359551467,38,0,21.03525393176824
1,49,20,5,2,5,8.79070635032634,0,2,1,0,7.843974283896387,44,1,73.0969947995618
1,49,17,5,3,5,-3.25209254506132,0,3,0,1,0.14173971256241202,17,1,80.70445801131427
1,49,21,5,1,-4,-0.8815191688482507,2,0,1,1,4.556296463124454,10,0,14.640464168041945
1,50,22,2,2,-3,-3.885683032662733,0,2,1,1,9.729484680574387,17,2,67.04653038177639
1,50,16,2,2,5,-1.9706019951289577,0,1,0,0,6.101546389982104,21,0,94.11158366128802
1,50,24,2,4,5,-0.6288033373013737,1,1,1,0,8.458263892680407,27,1,91.07900937087834
1,50,14,6,2,0,7.039377350080568,2,3,1,0,1.4460732624866068,20,2,84.2769370181486
1,50,11,6,3,4,-1.8495482171960067,1,0,0,0,8.031345822382718,23,0,61.8420374346897
1,50,30,6,3,2,-0.5798646325098777,1,1,0,0,6.613565720617771,41,2,65.9014964941889
2,51,9,4,3,-1,3.585976352604688,1,3,0,0,6.480290885083377,15,0,24.819716159254313
2,51,3,4,3,9,-5.506865283159708,3,1,0,0,9.218955370597541,37,0,55.144620104692876
2,51,7,4,4,4,-7.3014371608666515,1,3,1,0,1.563676237128675,31,0,7.834348524920642
2,51,22,2,3,7,2.7424702489107107,0,1,0,0,5.820603601168841,6,3,66.56860942021012
2,51,28,2,3,3,-7.597165361742626,0,2,0,1,7.83596063265577,41,0,43.210108135826886
2,51,15,2,2,-4,3.0457077910787937,1,0,0,0,5.458324113860726,41,0,19.417272228747606
2,52,1,4,2,5,-2.1084274058975594,0,1,1,3,3.6413660272955894,44,1,77.84131616353989
2,52,26,4,2,7,3.749239973081164,0,1,1,0,9.271737029775977,20,1,93.71003066189587
2,52,3,4,0,-2,3.001781755072104,1,2,0,1,1.696672656107694,33,1,25.66106750164181
2,52,12,3,2,0,-0.37837598641714876,1,2,0,0,8.703976736869663,18,2,63.11677657067776
2,52,27,3,0,7,-6.756864336616295,1,0,0,0,1.2737342342734337,31,1,60.80201028380543
2,52,6,3,2,-1,0.7332786533938482,0,1,0,0,5.419984650798142,10,1,85.09325215127319
2,53,29,3,1,8,-5.672281510501013,2,1,0,1,9.161218265071511,11,0,82.77087360620499
2,53,6,3,5,10,-1.0238025150636985,0,3,1,1,9.060886693187058,33,0,89.24155973363668
2,53,27,3,1,1,1.4728059729269358,1,0,1,0,3.7322197086177766,30,0,85.63192854635417
2,53,21,5,7,2,-7.256934724169836,2,0,0,0,0.22809988586232066,18,1,55.27302068658173
2,53,10,5,5,6,3.145953364181996,0,3,0,0,2.265345365740359,17,0,71.01987204514444
2,53,20,5,3,2,12.390202109157165,0,0,2,0,1.4311058237217367,44,2,8.08627053629607
2,54,11,6,1,3,16.64515326486437,1,1,0,0,6.549934227950871,32,0,83.16106924321502
2,54,30,6,0,4,2.622665125401597,3,1,3,0,1.4334035199135542,32,0,37.81927637755871
2,54,4,6,4,8,2.850525821257188,0,0,0,1,1.1980977188795805,12,1,59.91600432898849
2,54,27,3,2,-2,1.107733713018252,1,3,1,0,5.96342415548861,28,1,7.725292909890413
2,54,6,3,0,1,7.776865212212758,0,1,0,1,0.7913872925564647,14,3,2.4365768767893314
2,54,29,3,3,4,-0.07920820010457885,0,1,1,0,3.2717808964662254,38,3,57.87160543259233
2,55,26,4,3,-2,-4.865098872920887,1,3,0,3,4.189338772557676,32,1,97.33296388294548
2,55,1,4,3,-4,0.3051664377520115,1,2,2,0,5.3685293183662,9,1,0.14975867234170437
2,55,3,4,2,0,-1.517259202793724,3,2,0,0,2.5160041241906583,6,0,12.424099445343018
2,55,17,5,0,5,-3.3776288603314963,2,3,1,0,4.563074253965169,7,0,43.39084483217448
2,55,10,5,1,10,-0.6513154245978776,1,1,2,1,7.232903626281768,38,1,58.078616042621434
2,55,13,5,1,7,-7.529417750500946,1,3,0,0,2.1031505009159446,19,1,89.08478333614767
2,56,21,5,2,5,8.532687829356346,0,0,0,0,8.925138833001256,40,1,4.508014977909625
2,56,20,5,2,5,2.351517278404958,2,0,2,1,4.836588483303785,12,0,37.20493270084262
2,56,10,5,2,-3,3.69947401159573,2,0,2,2,0.639180934522301,31,1,55.76596325263381
2,56,28,2,0,9,-2.3871261770813317,0,3,3,0,4.269663465674967,21,3,25.71292077191174
2,56,24,2,0,7,-3.917287106475307,2,2,0,1,9.764724727720022,38,0,33.656693366356194
2,56,22,2,0,7,-0.46013748462368387,0,0,1,0,2.0446870499290526,13,0,53.03051888477057
2,57,28,2,4,6,-2.0754817134474104,0,3,0,0,7.443398137111217,36,0,17.953590862452984
2,57,15,2,2,-1,-1.6246247104507394,1,0,1,1,1.0208759177476168,5,0,93.87072150129825
2,57,24,2,1,6,-3.39595261405041,2,0,1,1,0.5400606268085539,18,0,42.257667146623135
2,57,10,5,1,-2,10.64869338596992,1,1,0,0,4.428771012462676,13,0,12.870069476775825
2,57,17,5,3,-3,-3.4214535468925944,0,3,0,0,2.8830195730552077,23,1,51.10738866496831
2,57,21,5,3,-5,0.8220166377249791,2,1,0,1,1.8178705801256,28,1,56.3243422890082
2,58,15,2,1,7,6.357582059227513,0,3,3,1,4.6725952019914985,34,1,38.687597680836916
2,58,16,2,2,4,-4.215260047271024,0,3,3,0,9.809585514012724,8,0,62.20781994052231
2,58,24,2,2,10,-2.688133381576259,1,3,1,1,3.023969572968781,22,1,24.252041964791715
2,58,13,5,5,10,-5.404683622932351,0,1,1,1,6.455854321829975,44,1,57.449571206234396
2,58,20,5,2,9,-0.822856864002932,1,3,1,0,8.202845929190516,26,2,17.048921179957688
2,58,10,5,2,-1,6.565634365390528,1,2,1,1,5.901399091817439,8,0,42.84685500897467
2,59,12,3,4,2,-7.534515285651496,2,3,0,0,2.754806384909898,19,0,23.661308991722763
2,59,29,3,2,2,0.24569272318663893,1,0,0,1,4.921598327346146,7,1,92.93245424050838
2,59,6,3,1,9,-3.505775268082939,2,3,0,3,8.304225888568908,37,2,59.61878537200391
2,59,10,5,4,10,-2.0077787058932954,2,0,1,0,2.617442540358752,43,1,74.03947319835424
2,59,21,5,2,-1,-1.9451188376607755,0,3,1,1,6.919697313569486,18,1,25.91433860361576
2,59,17,5,0,-1,1.542892650528562,0,3,2,2,1.1337401205673814,44,0,11.437027133069932
2,60,10,5,0,5,-5.342762431279279,1,0,0,3,4.2416807962581515,15,0,48.207551636733115
2,60,21,5,1,-3,-4.597663355872841,0,3,1,2,2.9422986740246415,12,0,89.58894414827228
2,60,13,5,4,-1,3.3387179741838287,0,3,2,0,3.523538247682154,35,0,65.80897422973067
2,60,22,2,2,1,0.7025980233339625,1,3,1,0,6.554292500950396,29,2,36.726854741573334
2,60,15,2,1,4,7.258811376901306,0,3,3,2,7.939754608087242,12,0,80.80369655508548
2,60,24,2,0,4,-1.9902472344063025,0,1,3,2,6.466292983386666,27,0,78.63585944287479
2,61,7,4,1,10,-5.976535498698137,2,1,2,0,9.627047481480986,7,0,81.88396885525435
2,61,1,4,5,0,1.6069526746031402,0,1,2,0,8.735650754533708,32,0,18.44096975401044
2,61,26,4,0,2,0.8048190533404871,1,0,0,0,2.6325117936357856,42,2,49.78512516245246
2,61,15,2,5,-4,-0.7713573182327873,2,1,0,0,3.4076704853214324,15,2,48.443529033102095
2,61,24,2,2,5,0.2752319622417535,0,0,1,0,2.3931030463427305,44,0,77.9672161443159
2,61,22,2,5,6,-6.040522512436182,0,3,0,0,1.8103614333085716,30,0,1.9483935320749879
2,62,1,4,1,-4,-0.057500672220269645,0,1,2,1,4.270612741820514,44,0,27.109883911907673
2,62,3,4,2,-1,2.150758716220463,0,3,1,2,8.483028204645962,40,0,86.44869481213391
2,62,26,4,2,8,-6.254970781732199,0,2,2,1,4.881686209701002,6,1,89.39996601548046
2,62,30,6,0,-2,3.904264239663941,1,2,1,0,1.8366040335968137,14,0,80.1656796829775
2,62,11,6,0,8,-1.6043231534156153,0,2,1,0,3.796107918024063,10,2,56.34753017220646
2,62,4,6,2,4,2.420093503151768,0,2,1,0,6.820405588950962,17,1,84.58482935093343
2,63,3,4,1,5,-0.23093242524764335,1,3,0,0,6.423522233963013,30,0,88.6133402120322
2,63,7,4,1,9,3.7142466896705058,1,0,0,0,3.9573969459161162,20,0,83.92787673510611
2,63,26,4,1,0,-3.185078984222283,5,3,1,0,6.707612480968237,10,1,53.677972475998104
2,63,12,3,1,-4,-13.385844274352241,3,1,0,0,1.9433225085958838,31,0,39.55081587191671
2,63,6,3,4,5,3.7284492700114424,2,2,1,1,4.54220084939152,42,1,2.545166597701609
2,63,27,3,0,5,1.2979773267129493,1,0,0,0,8.537589695770293,22,2,81.2191316159442
2,64,6,3,0,3,7.3027065693741875,2,0,1,2,0.04231033381074667,21,0,58.32950170151889
2,64,25,3,0,-3,-9.867767454465238,0,2,1,0,4.832681328989565,11,0,53.57915626373142
2,64,12,3,3,2,-3.9128733029622675,0,2,0,0,0.6909115519374609,11,3,39.8821180453524
2,64,19,1,5,-2,-8.589984371650619,1,1,0,2,6.613616268150508,21,1,96.77365585230291
2,64,23,1,1,-4,-8.948978231298138,0,0,2,1,0.30311940470710397,8,0,26.55416128691286
2,64,5,1,2,-1,5.5905748309681105,0,2,0,1,9.955132901668549,31,0,38.357062241993845
2,65,7,4,1,6,-0.32472444399033884,1,2,0,0,4.4704635348171,8,1,79.11001015454531
2,65,26,4,3,7,-3.8223804275736595,3,2,2,1,1.6200050106272101,34,0,3.3177284989506006
2,65,3,4,3,-5,0.5598853756143266,0,0,0,0,7.884923547971994,43,1,36.73757063224912
2,65,15,2,4,7,-5.710867113762916,2,1,0,1,1.850302282255143,42,0,26.530471397563815
2,65,16,2,2,-3,-5.65717075491354,2,0,1,0,6.9546063570305705,21,1,51.98460521642119
2,65,22,2,1,0,-6.355152014858907,1,2,0,0,0.85980603704229,41,1,99.55806771758944
2,66,13,5,2,-5,0.9073262685201775,1,0,0,1,9.949945621192455,17,0,64.35839277692139
2,66,20,5,1,-3,2.081215235962538,1,3,0,2,4.403143061790615,23,0,15.29050599783659
2,66,17,5,3,9,-4.598127728374337,0,0,1,1,1.04533874662593,40,1,56.34875898249447
2,66,9,4,1,0,-3.141550445217352,0,1,0,2,8.665641269180924,7,3,93.5049906373024
2,66,1,4,4,-3,-0.4076694900982145,1,3,1,0,3.680052668787539,36,1,57.662865752354264
2,66,3,4,3,3,4.738057698016045,2,1,0,1,6.310376157052815,16,1,39.55330091994256
2,67,22,2,2,6,-7.794711695391876,2,2,1,1,3.6409229901619256,12,1,81.60316289868206
2,67,15,2,1,4,4.135043713609622,1,1,0,0,8.907904545776546,39,2,14.708463149145246
2,67,28,2,3,-2,7.224690967143488,2,3,0,1,0.7244530692696571,16,1,12.787466868758202
2,67,23,1,6,-5,2.567349359716392,0,1,1,0,5.447841254062951,11,1,46.909121540375054
2,67,19,1,1,-3,8.201756993942933,1,1,1,0,1.2451709667220712,31,1,19.7541557950899
2,67,2,1,0,-3,-0.8499879680983534,0,1,1,1,7.523568361066282,38,0,70.70571761578321
2,68,20,5,0,10,-2.5400230053817126,0,1,0,0,5.431110390927643,9,2,83.54162005707622
2,68,10,5,1,9,1.7988076427879072,2,1,1,0,2.1151263592764735,28,0,7.869034959003329
2,68,13,5,1,2,2.597090865240009,3,2,0,0,9.294934519566596,19,0,43.429033644497395
2,68,24,2,1,6,-0.38394555217451104,0,3,1,1,7.981189994607121,45,2,97.73232664447278
2,68,22,2,3,0,-7.527593376498621,0,1,0,0,7.559324165340513,37,0,23.50287630688399
2,68,28,2,1,5,3.3260799920551554,2,1,1,0,9.539597721304744,34,0,66.72545839101076
2,69,28,2,2,5,2.8287654428070064,1,0,2,0,5.534355835989118,18,2,48.43087887857109
2,69,22,2,0,-5,4.325285634484876,1,0,2,1,0.056961269583553076,29,4,8.757786196656525
2,69,24,2,2,1,8.09216529342535,1,1,2,1,8.761625378392637,9,0,45.457902480848134
2,69,2,1,3,-1,0.9143958429242437,0,3,0,1,7.128084029536694,36,1,34.79448945727199
2,69,5,1,2,2,-2.6153939233305934,1,1,1,1,6.683326703496277,29,3,55.62196052633226
2,69,19,1,2,-2,3.3373754117474244,2,3,0,0,3.8724844553507864,14,2,47.19267091713846
2,70,13,5,2,6,0.6705080336113862,2,3,2,0,3.1897394475527108,39,2,65.42533384636045
2,70,20,5,3,-3,3.301977404581079,2,2,1,0,2.7810232318006456,27,1,88.83062461391091
2,70,10,5,2,-3,2.917478378988987,1,1,0,2,1.3688412704505026,7,1,85.5212634196505
2,70,16,2,0,4,-1.2253209602130115,0,0,1,1,7.050803375896066,14,0,24.353655031882226
2,70,24,2,2,0,-3.0197395438354597,5,0,0,1,5.098183730151504,25,1,28.036318183876574
2,70,22,2,0,-3,1.4164593310215314,0,2,1,0,9.53128992812708,30,2,31.823947723023593
2,71,3,4,6,10,7.4990320154514745,1,2,2,0,0.8007165673188865,8,0,54.5477727195248
2,71,7,4,1,0,8.453099303088543,1,3,2,0,4.8025018675252795,11,0,6.9430668372660875
2,71,1,4,2,3,-0.6616389252594069,3,3,0,0,5.434809168800712,7,1,34.75516277831048
2,71,4,6,2,3,-3.2026265706561565,2,3,0,1,7.74606847204268,34,0,6.6783657763153315
2,71,30,6,4,0,3.510309994875507,1,0,0,1,4.657050906680524,34,0,66.08272788580507
2,71,14,6,4,-1,-8.163248081264543,0,2,1,0,4.7800225601531565,11,0,87.76517061050981
2,72,28,2,1,-2,7.8592260881794065,1,2,0,0,3.3165108575485647,10,0,81.84183919802308
2,72,16,2,1,4,-1.9227875144439543,1,1,0,1,6.616423879750073,28,3,98.8427187083289
2,72,15,2,0,7,2.241767747532623,1,2,1,1,1.54019566019997,21,0,10.459761577658355
2,72,30,6,2,-2,-3.557282070930417,2,0,0,2,7.430848055519164,11,1,58.19257562980056
2,72,4,6,6,1,-4.297800010919453,3,1,2,0,2.730828921776265,8,1,51.88233312219381
2,72,11,6,1,6,0.5635661923643278,1,3,0,1,6.996872660238296,10,2,15.24396336171776
2,73,28,2,1,3,0.3415349058248942,1,3,0,0,4.771669995971024,11,2,23.582591605372727
2,73,24,2,2,4,-1.9522437149802228,1,1,1,0,6.7070389236323535,37,2,89.98637022450566
2,73,15,2,1,0,-1.7452857900930772,0,3,0,1,7.982921090442687,20,1,92.50939763151109
2,73,4,6,2,7,-2.1719137938404023,0,2,2,0,3.792352902237326,21,0,76.61088705062866
2,73,18,6,1,7,1.8380049486886765,0,1,1,0,0.7717136177234352,43,0,25.69302993360907
2,73,14,6,0,-4,9.08612199377415,2,2,1,0,8.14138599904254,32,2,69.96479192748666
2,74,29,3,1,-4,-0.17702343605010507,1,2,1,0,9.915774196851999,23,1,72.98777056857944
2,74,27,3,1,10,1.568845915855384,2,1,0,0,9.52626827172935,28,1,28.538247430697083
2,74,25,3,2,-2,4.336777153610343,0,3,3,1,2.7699357457458973,34,0,75.03216734621674
2,74,16,2,1,-3,0.1551870264008796,0,1,0,1,5.579254413023591,8,2,24.04288910329342
2,74,15,2,2,2,1.9941201046282377,2,2,0,1,9.558331302832812,22,0,74.26552060060203
2,74,28,2,2,0,9.091673558644331,1,1,1,0,1.2811267678625882,17,0,63.98000575136393
2,75,13,5,0,-1,3.546456624446199,1,2,1,0,9.325706344097853,39,2,65.1802692329511
2,75,21,5,4,4,-1.2225187846539267,1,2,1,0,2.042607506737113,21,0,95.60093742329627
2,75,10,5,2,10,-0.9039182157640351,1,1,2,2,2.454666926059872,14,3,16.42903294414282
2,75,15,2,1,4,3.905039750318954,0,1,1,0,2.2252105944789946,40,0,43.8115703407675
2,75,28,2,0,6,-0.08534947800473427,2,1,1,0,3.9540328388102353,5,0,75.24366769939661
2,75,24,2,3,-2,5.25225214530077,0,2,0,0,8.10656770830974,42,3,6.3215568428859115
2,76,28,2,3,6,2.3098976897563737,3,3,1,0,3.449825623538345,14,2,40.287666278891265
2,76,16,2,1,-4,-1.4889007695114924,0,3,1,1,7.358321894425899,33,0,60.35364312119782
2,76,24,2,6,1,-4.660138263683051,0,1,1,2,6.176452583167702,24,0,31.78716606926173
2,76,3,4,3,2,-4.452854273007951,2,2,1,0,9.705569176003337,43,1,92.73489876650274
2,76,7,4,2,4,0.6802198842122633,1,2,0,0,1.5696834353730083,6,2,49.27662319969386
2,76,1,4,2,-2,-7.408958807004108,0,0,1,1,8.80466831382364,12,1,96.89305399078876
2,77,8,1,2,-2,-9.01137048675257,1,3,1,0,9.606099303346127,39,0,78.76668353565037
2,77,2,1,2,10,-0.05937485117030648,1,3,1,0,9.497050805948675,11,0,84.23162719700485
2,77,5,1,3,7,-1.9520648074887228,0,0,0,0,2.6986544695682824,35,0,31.53968076221645
2,77,25,3,3,-4,3.8384045490156673,1,0,2,0,9.698458816856146,33,1,67.61076035909355
2,77,12,3,3,0,1.8563124945644527,1,2,1,0,3.427627633791417,44,0,80.26940575800836
2,77,27,3,0,-3,-8.695375232946557,0,0,1,0,4.618571223691106,11,1,63.555670785717666
2,78,5,1,0,3,-4.367911467689104,2,3,1,1,1.7687974660657346,5,0,90.1530453003943
2,78,19,1,0,-2,-4.682976106379543,1,0,0,1,6.199317900463939,44,3,85.18371440004557
2,78,8,1,0,-2,-0.5990974999495832,0,2,2,1,5.0197377149015665,16,1,64.43595462478697
2,78,22,2,2,0,1.153410252676795,1,0,0,0,9.000249290838838,16,3,80.60674029402435
2,78,28,2,2,9,-0.9078433482134336,0,3,1,0,0.12116287834942341,26,1,46.89714079722762
2,78,15,2,0,1,-4.029615657965447,1,0,1,0,9.196031340397894,11,0,50.00974729191512
2,79,9,4,3,3,8.782979118240144,3,3,1,0,7.209319430403411,14,0,24.144523381255567
2,79,1,4,0,-1,2.593158606102958,1,2,3,0,4.311269409954548,34,0,33.69215647689998
2,79,7,4,2,-3,-7.577298304617327,0,2,0,1,3.262114762328565,6,0,10.03642538562417
2,79,5,1,3,-4,1.527781083830701,0,0,0,1,1.0985010769218206,23,1,44.22833491116762
2,79,2,1,3,6,-2.269834397930386,2,2,1,1,6.018488395493478,24,2,65.75433367397636
2,79,19,1,1,5,0.5629715312697493,1,3,0,1,5.590748265385628,23,1,40.51852794364095
2,80,10,5,4,6,-3.1449743160211234,3,0,0,0,1.8485117866657674,33,1,20.919410488568246
2,80,17,5,0,-4,1.6015402939731858,0,0,0,0,1.7056325357407331,45,2,50.03258837386966
2,80,21,5,1,9,6.485550506120056,0,1,0,1,2.0352952973917127,9,2,27.29676200542599
2,80,29,3,0,3,3.699537492305314,2,2,0,1,0.9664783650077879,25,2,67.76014203205705
2,80,6,3,1,-1,-4.437061796591654,0,2,0,0,9.51374291209504,43,1,5.475743976421654
2,80,27,3,2,-1,-2.8800448025624883,2,2,0,0,4.167674109339714,40,2,10.852348385378718
2,81,7,4,1,-5,-0.2691987106649311,1,1,2,0,7.343118984717876,20,2,57.230093609541655
2,81,9,4,3,-3,6.658486615788908,1,0,2,2,3.6668566684238613,30,1,57.996795629151165
2,81,1,4,3,-5,-1.688433813149782,0,3,1,0,9.377207274083048,36,0,85.06814511492848
2,81,22,2,1,5,1.907925090424394,1,2,0,1,2.2973669902421534,38,0,20.855318568646908
2,81,28,2,2,10,6.56781570328869,1,1,1,0,9.878853862173855,42,0,36.447722325101495
2,81,15,2,2,0,-1.6737022710418257,0,1,1,1,3.0055121053010225,7,2,45.14106421265751
2,82,23,1,2,-1,-9.972426810240023,0,3,1,0,1.3540611718781292,43,2,14.259991329163313
2,82,5,1,1,8,-4.319537475693214,1,2,1,0,3.998287303838879,36,1,13.468797761015594
2,82,2,1,3,-5,-9.091181205947636,2,0,2,0,2.252834653481841,21,0,76.55058123636991
2,82,3,4,0,5,-9.564099467011873,1,0,2,0,9.29754857905209,36,1,80.34221234265715
2,82,1,4,3,-5,-2.784412196630555,0,2,1,0,6.3201803783886135,18,0,83.53137609083205
2,82,9,4,3,-2,-3.0653229982643793,1,2,0,1,7.377397657837719,17,0,34.37175080180168
2,83,23,1,2,-1,13.50915530199752,1,0,0,0,6.467043219599873,14,1,87.69532551523298
2,83,8,1,2,10,-8.079634349848307,3,3,1,0,3.533131838776171,5,0,17.716268077492714
2,83,2,1,2,-5,-6.98448632624371,0,3,1,0,7.687453280668706,38,0,38.175401580519974
2,83,25,3,0,9,-11.768171510180379,0,2,0,0,1.651093508116901,13,1,99.82181198429316
2,83,27,3,1,-4,2.3635229489007874,2,3,0,1,0.8800705126486719,37,0,85.50692638382316
2,83,12,3,3,-1,-7.786740463709747,3,2,1,0,8.310081302188337,10,0,10.494883893989027
2,84,1,4,0,3,7.035902991218506,2,0,0,1,9.238047224935144,5,1,76.33851584978402
2,84,7,4,0,7,-2.690931970658095,1,3,0,2,0.1534842257387936,6,0,6.357999588362873
2,84,26,4,0,-4,0.03899052251785726,1,3,0,1,8.853842050302774,18,0,12.157883122563362
2,84,22,2,3,2,1.724506327442949,2,1,1,1,4.157792197074741,7,0,54.6305411728099
2,84,24,2,2,5,-4.349747327590377,2,3,1,0,9.767737071961164,37,1,69.98845788184553
2,84,16,2,1,8,1.072864866428356,1,3,0,0,0.8456054818816483,25,0,16.04270210955292
2,85,11,6,2,7,1.959915757887828,0,1,2,0,4.238082740921527,34,2,15.6921302434057
2,85,30,6,3,7,0.7647283025996131,1,0,1,0,4.808525708504021,41,3,70.51904858089983
2,85,18,6,0,6,6.74885575473513,0,1,0,0,0.8721311064437032,12,2,8.192732208408415
2,85,25,3,3,6,-0.4918357726955289,0,2,2,0,5.650894627906382,37,1,84.95441945269704
2,85,27,3,1,9,-2.15370022549146,1,2,0,0,5.197539262007922,37,1,78.08461328968406
2,85,12,3,1,-4,4.342484475397841,1,3,0,0,6.1244262545369565,28,0,73.71303548570722
2,86,9,4,1,9,-3.2033432343636066,1,0,1,0,2.2407230478711426,22,0,99.69806582666934
2,86,1,4,3,-1,4.0753114166233555,1,1,0,1,6.600208866875619,5,1,97.99924937542528
2,86,7,4,2,-2,3.8469443933641907,2,2,0,1,0.1943633845075965,13,0,3.0328809283673763
2,86,2,1,1,1,9.349962335761523,0,0,0,1,7.219573026522994,18,2,92.82629969529808
2,86,19,1,3,9,-9.317368409078037,0,0,1,1,0.36034742137417197,8,1,93.60482713673264
2,86,8,1,1,5,4.841957665661848,0,2,0,0,2.0956329302862287,42,1,90.55881192907691
2,87,4,6,0,-3,15.91810532256284,1,0,1,0,9.912607856094837,6,1,6.895408686250448
2,87,14,6,2,-3,-0.9941029277038782,0,2,2,1,7.571405579801649,39,1,28.596796188503504
2,87,30,6,1,-2,-5.42268076545116,0,3,2,0,4.988351049833,22,0,3.0221159802749753
2,87,1,4,4,9,3.4662664001876253,0,2,3,0,5.948946266435087,30,0,71.40726847574115
2,87,9,4,2,0,-2.589573178573165,2,2,0,0,7.781902854330838,12,2,41.264528525061905
2,87,3,4,2,-1,2.3089817514191804,0,0,1,0,4.537024630699307,29,2,5.9588601579889655
2,88,29,3,1,4,-4.412630778664598,2,2,1,1,5.812128121033311,20,1,51.92070167977363
2,88,12,3,1,7,2.5241461292312337,1,0,1,0,5.929640121757984,13,1,60.93426723964512
2,88,25,3,2,1,-0.9776290883605349,0,3,0,0,0.8399682445451617,38,2,93.49808539263904
2,88,14,6,2,10,-2.0545371936636854,2,1,0,0,9.225780086126179,16,2,89.83248989097774
2,88,11,6,1,10,2.4506446240403563,0,3,2,0,4.46766127133742,35,0,6.524926912970841
2,88,18,6,2,6,-0.9552980954189518,1,2,3,1,0.836386124137789,29,2,40.853039477951825
2,89,29,3,1,9,6.5462396508372915,1,0,0,1,9.935626352671534,29,0,56.02230641525239
2,89,27,3,1,-1,-1.422867513429933,0,3,2,3,1.7355670337565243,14,1,77.03401932958513
2,89,25,3,2,-4,0.1268199660858774,2,2,2,0,7.253006862010807,5,0,80.70924209896475
2,89,24,2,3,-1,-9.074085747470862,0,2,1,0,4.703683033585548,27,0,95.06483566947281
2,89,28,2,4,-2,-3.292695274467687,1,3,1,1,8.196422702167183,28,0,56.19378366973251
2,89,15,2,2,2,-3.3422935738465154,1,1,0,0,6.412293068133295,23,1,80.23592163808644
2,90,5,1,2,0,-5.489406448942933,0,1,2,0,3.2669723872095346,25,0,16.312010632827878
2,90,2,1,3,-1,7.4412670356408395,0,2,1,0,4.951685208361596,41,0,96.13720439374447
2,90,8,1,1,-5,1.3967222282645229,3,0,0,0,3.946802963037044,27,1,13.43124087434262
2,90,30,6,1,5,-2.2242646368648256,0,1,0,0,3.497273870743811,39,1,13.685598969459534
2,90,14,6,1,-3,-0.10787081326591035,1,2,1,0,8.477475580293685,42,1,12.385603901930153
2,90,4,6,2,6,-3.3194209922811044,0,0,2,1,6.079874837305397,9,0,17.075059982016683
2,91,16,2,3,6,6.46183338094808,2,0,1,0,0.6971693760715425,14,1,85.9113656450063
2,91,15,2,1,8,1.1930764676072605,2,0,2,0,3.3606130466796458,10,1,56.159572093747556
2,91,22,2,4,0,3.863768447713039,2,3,0,0,4.618257291149348,10,1,11.457965150475502
2,91,25,3,5,1,7.036276854609812,0,2,1,2,4.786586752161384,15,1,47.9152646381408
2,91,27,3,0,0,-3.836720963091551,3,0,1,0,2.4023014795966446,5,0,74.22182613518089
2,91,29,3,1,-2,4.883456158253577,2,0,0,1,8.489402532577515,17,0,87.90430200751871
2,92,28,2,3,-2,-0.6648800767409234,0,3,3,0,5.543172480538487,18,0,60.33010724931955
2,92,16,2,1,-4,-2.1790615026511393,0,2,1,2,8.386233493220061,43,4,10.685496451333165
2,92,24,2,1,3,-0.9454437538526563,2,2,1,0,2.957142856903374,21,1,24.159946735017
2,92,5,1,2,3,-11.208510838156982,0,2,1,0,6.917032105848193,12,0,8.100756513886154
2,92,2,1,1,2,-8.434923609180313,1,1,2,1,4.704574465285987,28,1,52.70786299370229
2,92,19,1,0,9,7.067420104004077,1,3,0,0,5.078435738105327,33,1,48.70494124479592
2,93,25,3,8,1,1.9418181586037522,2,1,0,0,5.243600271642208,14,2,91.8131498619914
2,93,6,3,0,4,-1.8051853558746132,0,3,1,1,5.9039433393627405,38,0,34.22922354657203
2,93,27,3,1,10,-0.7027703748702738,0,0,1,1,4.147607760969549,26,2,17.139217723160982
2,93,21,5,1,9,0.7431936350976286,0,0,1,0,3.5873635206371546,25,0,13.941852608695626
2,93,20,5,2,-1,1.7926707262943857,2,2,1,0,4.832716214004904,39,2,72.254175436683
2,93,13,5,5,5,-6.717674768480043,1,0,1,3,0.06996104493737221,36,1,69.96672544628382
2,94,23,1,3,3,6.459234816303678,2,2,3,0,8.764061410911381,35,0,34.37409391626716
2,94,19,1,1,4,-1.1957401552058051,1,2,3,0,6.516746354755014,20,2,85.46351289842278
2,94,8,1,1,-3,0.936783156436366,1,0,1,0,9.632282496895641,6,1,29.19372476171702
2,94,28,2,2,6,-0.20960786488817137,0,1,1,1,1.1230086372233927,13,1,76.57881744671613
2,94,22,2,1,-1,5.94543794177762,3,2,0,0,0.9784509451128542,39,0,82.60887297801673
2,94,16,2,2,0,0.6403985527429348,2,1,0,1,5.97334322752431,31,0,79.9365304177627
2,95,18,6,3,9,-0.6914614029120689,3,3,2,1,8.474050255026668,25,1,21.27444832585752
2,95,4,6,1,7,1.4831537435472422,4,2,1,0,7.617275614757091,13,1,6.871945154853165
2,95,14,6,4,7,-0.7792442133712383,0,3,3,0,7.068618438206613,23,3,79.36200231779367
2,95,29,3,2,-5,1.848392521074721,3,1,0,1,5.675112158060074,9,0,29.054864984937012
2,95,6,3,2,2,-5.186094019653948,0,2,0,1,6.436065949965268,41,2,47.34724606387317
2,95,12,3,2,3,0.42980794039546555,0,0,0,2,6.334942635148764,38,4,20.48078489024192
2,96,23,1,2,-3,-4.633187877530084,0,2,0,1,0.0726557825691998,18,0,27.175336214713752
2,96,5,1,3,-2,-8.424600866386399,3,0,3,0,1.7181414505466819,9,4,89.20630849897861
2,96,19,1,1,2,0.7183548835141136,0,1,2,0,1.050128797069192,21,0,70.17831881530583
2,96,15,2,0,7,4.191072830945104,1,1,1,1,2.107017608359456,16,0,27.538687526248395
2,96,16,2,2,-2,-6.992776641760851,3,2,0,2,4.704571636393666,5,0,60.25355134624988
2,96,22,2,1,0,-0.4002260439268652,1,0,0,0,1.6567643987946212,28,2,80.31034707091749
2,97,23,1,2,-4,-1.9950874154432192,0,1,1,1,7.557605770416558,42,1,44.48971648234874
2,97,19,1,1,5,1.9896555838311427,0,0,3,2,4.572773186955601,36,0,78.74849608633667
2,97,2,1,1,5,0.25916120061668835,1,1,1,0,5.291964691132307,17,0,38.07212950196117
2,97,30,6,2,2,3.674550864035063,1,3,1,1,6.451894962228835,29,0,24.947682325728238
2,97,14,6,3,2,-2.6737253401156384,5,2,0,1,2.698932730127126,16,1,99.31577222887427
2,97,4,6,2,2,-3.3518307881485567,2,2,2,0,9.624177680816501,33,0,74.69336749054492
2,98,18,6,3,1,-4.730432349072781,0,1,1,1,9.024551974143833,34,2,12.388770305551589
2,98,4,6,1,-5,-1.6912345924219632,2,0,0,0,0.2911934978328645,8,1,58.99569212924689
2,98,30,6,1,10,0.7753643054208265,0,0,1,0,0.8815037668682635,30,0,84.77635763119906
2,98,23,1,1,9,5.480381867574766,3,1,0,0,3.8200193317607045,13,0,63.85876350104809
2,98,8,1,4,-3,1.4254738935516165,1,2,2,0,2.566312258131802,41,1,69.68031290452927
2,98,5,1,2,6,-2.966351990755898,0,1,1,0,9.292938637081534,21,2,0.3671305486932397
2,99,5,1,2,4,2.4191684136295417,3,3,1,0,6.223281405400485,6,1,39.443765417672694
2,99,8,1,2,2,3.2053749976990282,1,2,1,1,1.237132791429758,11,1,75.54117178078741
2,99,2,1,1,10,-2.8813743027004963,1,3,1,0,1.3931315019726753,19,0,41.413750662468374
2,99,3,4,2,1,1.7420463884733386,1,0,0,0,9.531185147352517,9,1,64.03020333964378
2,99,26,4,1,-2,6.219437344545269,0,2,3,0,5.119741309899837,17,0,99.83662064187229
2,99,7,4,2,-5,6.1724058082294855,0,2,0,0,6.107747929636389,29,0,35.134281986393034
2,100,1,4,0,10,-7.614377316941087,1,2,0,1,6.461529401130974,39,1,14.638209226541221
2,100,7,4,1,7,7.25437270085404,0,2,4,0,5.910511063411832,16,0,81.49603686761111
2,100,26,4,0,10,-5.331053055786209,2,1,2,0,2.422735069412738,44,2,71.36156954802573
2,100,18,6,2,0,-3.1296546273086423,2,1,2,0,1.074049798771739,11,2,88.09883568901569
2,100,11,6,4,-1,-1.0632003527932643,0,3,2,1,9.393221535719931,16,0,28.121946682222188
2,100,30,6,2,10,9.047595089931525,1,1,0,0,2.5065359147265553,36,0,31.196021172218025
3,101,25,3,2,2,4.013197700338273,1,0,2,0,7.345189920160919,36,0,83.94713131710887
3,101,12,3,1,1,-0.053220487069797685,1,3,0,0,3.4905233420431614,35,0,43.486413662321866
3,101,29,3,0,5,8.1372886384402,1,0,1,0,7.116019118111581,6,2,98.05339626036584
3,101,16,2,0,4,4.394110258145034,0,1,1,0,6.193667403422296,9,1,7.692594779655337
3,101,28,2,0,7,-1.609888501549993,1,2,3,1,1.2571373698301613,22,0,89.6380155812949
3,101,22,2,1,-1,-1.7850842270313458,0,3,0,0,0.2480028267018497,38,3,0.34620463848114014
3,102,5,1,3,0,6.366889093531888,2,0,2,1,8.025623792782426,29,2,0.4988990491256118
3,102,8,1,1,-2,-8.936585182494598,4,2,0,1,9.537251596339047,7,0,31.811183225363493
3,102,19,1,2,0,-0.6509296061593128,1,0,0,1,3.747281839605421,37,2,8.351916633546352
3,102,1,4,2,8,-2.8413679411822996,0,1,4,0,2.477650048676878,30,2,51.47993001155555
3,102,3,4,4,-4,-5.345930521509647,0,2,1,0,8.87838657014072,41,2,47.58731471374631
3,102,9,4,2,3,1.821350233861583,1,3,1,0,4.2498582997359335,7,0,20.215926156379282
3,103,20,5,2,4,2.044061998377387,1,1,0,1,4.256994025781751,20,1,24.717142689041793
3,103,21,5,0,6,4.561471043518749,0,0,1,2,5.95727535430342,33,0,94.78951150085777
3,103,10,5,2,-1,6.3789533752991385,1,0,1,1,5.159054254181683,41,1,54.04398571699858
3,103,5,1,0,0,0.804149547477404,0,1,0,0,0.25938665959984064,20,0,58.5321374470368
3,103,2,1,3,0,-7.604078044044581,0,0,1,1,0.9889357164502144,25,3,36.06309122405946
3,103,8,1,1,2,-2.341966019784026,2,3,1,0,8.03869241848588,22,0,6.649646419100463
3,104,11,6,2,10,10.576404704106192,0,3,3,0,3.6809428525157273,19,0,82.47403975110501
3,104,18,6,3,8,-2.062553504673803,2,0,0,0,1.418679018970579,11,2,17.09886221215129
3,104,14,6,3,6,-0.8385560338271764,1,2,1,0,5.306399008259177,11,0,42.902091913856566
3,104,10,5,2,6,-0.5990090347396254,2,0,0,2,7.456351914443076,21,0,73.28977668657899
3,104,17,5,1,-5,-0.2507764706003305,2,2,0,0,1.8202098505571485,43,1,7.287864503450692
3,104,13,5,2,0,0.9671850683237584,3,0,1,0,4.724207639228553,39,1,75.34064983483404
3,105,21,5,0,1,3.580714681711802,0,0,2,2,3.037697118707001,6,1,84.54467637930065
3,105,10,5,1,8,-6.205306802267013,1,2,0,2,9.638997835572809,25,2,80.37124364636838
3,105,17,5,0,4,-6.756971314573915,1,2,1,1,3.161024667788297,8,0,27.404941502027214
3,105,25,3,2,4,3.0372888084645084,0,2,1,2,6.302719786763191,11,3,58.62695581745356
3,105,6,3,3,5,-3.3956438924541423,1,3,1,1,4.70456320559606,18,2,94.2904275143519
3,105,12,3,2,2,2.434998978396684,0,0,1,1,6.2638869299553335,11,1,52.0808590343222
3,106,5,1,1,-2,5.5095854961616855,0,3,2,1,6.066721477545798,28,2,93.53142699692398
3,106,19,1,0,4,7.401509859178459,2,2,0,0,8.669014235492796,38,3,37.967559392564
3,106,8,1,1,0,-1.1349119099978897,0,3,1,1,2.583426283672452,12,0,97.15224041137844
3,106,9,4,4,7,4.399353734503161,0,3,1,0,8.68096733931452,30,2,64.79141770396382
3,106,3,4,1,-3,4.519978365277246,0,0,3,2,1.6095274034887552,21,2,75.94137822743505
3,106,26,4,1,10,-4.120098248601618,1,1,1,1,9.450993416830897,38,0,68.60970291309059
3,107,15,2,1,7,5.797017562645241,1,2,1,1,5.283896382898092,31,2,34.576255292631686
3,107,24,2,2,2,-0.6977428124315392,1,2,1,1,8.142210256773978,12,1,81.25916193239391
3,107,16,2,1,-5,-1.1018596255252346,0,1,1,1,8.349261097609997,41,0,39.51125491876155
3,107,25,3,2,7,-2.426748680745565,0,2,1,1,2.289388789795339,36,1,72.95571237336844
3,107,6,3,4,8,-8.50730959137566,0,2,0,1,8.939604584593326,7,2,17.237825552001595
3,107,12,3,2,-3,-6.136621767222401,1,2,1,0,6.92088927840814,40,1,84.56228405702859
3,108,3,4,0,-4,0.7561562921007197,3,1,0,0,6.932072590570897,36,0,3.165138326585293
3,108,7,4,2,-4,-6.665522451833993,0,3,2,0,9.88893804140389,36,0,62.14042885694653
3,108,9,4,2,8,6.068952216543469,1,3,1,0,7.754162538331002,34,0,96.39227248262614
3,108,30,6,3,6,-4.347432496646169,1,2,1,1,4.69508821843192,12,2,98.10834999661893
3,108,4,6,2,5,-2.5621961016987704,1,0,2,0,7.014799807220697,20,0,44.187735044397414
3,108,18,6,0,-2,1.8960402597245851,0,0,1,0,6.231458731926978,39,0,18.69713633786887
3,109,24,2,0,1,3.473561136909416,2,0,3,0,5.352579315658659,44,2,3.019370627589524
3,109,16,2,4,-5,-5.899241960056595,0,3,2,0,5.471859253011644,6,0,6.432191259227693
3,109,22,2,1,1,-9.105216243393448,0,1,0,2,2.3248229548335075,13,0,12.96980066690594
3,109,17,5,2,6,-3.0815697587199598,2,1,0,1,3.1720493570901453,44,1,68.00541034899652
3,109,20,5,1,-5,-8.573288509977704,0,1,1,1,6.786767900921404,26,0,1.0339353466406465
3,109,13,5,0,10,-1.686488163979786,0,3,2,2,0.9626370249316096,18,0,8.267990034073591
3,110,24,2,3,5,1.922287399487278,1,1,1,2,8.51316375657916,6,0,92.22087226808071
3,110,22,2,3,8,-7.888942593704492,0,3,1,0,0.2224803203716874,44,1,41.73548666294664
3,110,16,2,1,-2,-9.519850857576595,1,0,0,2,7.494760290719569,8,0,88.48414646927267
3,110,6,3,0,-1,0.5690916897960095,1,1,2,1,5.830711608286947,8,0,42.97074805945158
3,110,12,3,0,1,13.626619578830773,1,0,0,3,7.993850982747972,10,1,41.75870465114713
3,110,29,3,1,6,3.2568791616435684,0,2,1,0,3.423109701834619,7,2,44.25101561937481
3,111,25,3,3,-2,2.23360848924064,1,3,1,1,6.986083074007183,45,0,99.22554295044392
3,111,12,3,0,-4,-3.9477695739334226,2,3,1,0,4.351665198337287,8,1,56.65070987306535
3,111,6,3,2,7,2.619038243953783,1,2,2,0,8.960667732171714,34,2,84.76888921577483
3,111,16,2,2,-3,7.06968732912573,1,0,1,1,5.4984839260578156,20,2,40.18706069327891
3,111,24,2,1,8,-3.9975323327914496,3,2,0,0,9.012367008253932,20,0,66.1094011971727
3,111,28,2,5,1,-0.288115500481825,4,3,1,0,2.7148872381076217,10,2,70.5902179935947
3,112,19,1,4,6,4.778071486784657,0,3,1,1,9.496268185321242,7,1,66.37985093984753
3,112,8,1,4,-2,5.532987196723852,1,0,2,2,2.9209239804185927,8,1,99.26522115711123
3,112,5,1,5,-5,1.2679877538011346,2,1,0,1,0.08703582920134068,35,0,68.13588510267437
3,112,18,6,2,5,-6.090029914507902,2,0,1,1,1.670024562627077,40,2,99.66975164134055
3,112,4,6,1,6,-5.796972301717982,1,0,1,1,9.914171071723104,41,1,85.52587556187063
3,112,11,6,1,-4,-4.951078378588088,1,2,1,0,7.961490424349904,25,1,26.268979418091476
3,113,28,2,3,-1,4.827521068623495,1,0,0,1,7.3743754043243825,34,0,10.238851723261178
3,113,22,2,2,4,-7.0030417459514736,1,3,2,1,8.959719778504223,38,1,33.914363058283925
3,113,15,2,2,3,6.656810499286462,2,0,1,0,4.706312725320458,23,1,86.55902459286153
3,113,23,1,0,8,5.218375055934585,0,3,1,1,7.89150380063802,9,0,37.706698663532734
3,113,19,1,1,8,-8.217635805061187,0,1,1,0,6.869175899773836,22,2,43.175097182393074
3,113,2,1,1,5,1.713546351748957,1,3,0,0,5.515313125215471,7,0,17.50771962106228
3,114,21,5,2,-1,2.2122339109566984,0,2,1,0,4.628579036798328,11,2,38.919446151703596
3,114,10,5,1,3,-4.32056724853422,0,3,1,1,3.6087159463204443,23,0,30.525744264014065
3,114,13,5,1,4,-3.4529823477940864,0,2,0,1,3.7720215576700866,45,2,66.80304831825197
3,114,5,1,2,1,2.3064641219409525,0,2,0,1,2.874102331697941,44,0,27.055956842377782
3,114,2,1,3,-2,5.188063260873469,2,3,1,1,0.018856266979128122,41,2,77.37017166800797
3,114,23,1,2,3,-3.1061160132509342,1,3,2,0,8.812858583405614,27,2,38.05233065504581
3,115,27,3,1,7,-2.120193999099974,1,0,2,0,4.71580722136423,12,0,27.357739070430398
3,115,29,3,0,5,1.315496541833269,2,2,1,0,8.809755477122962,13,0,88.76217855140567
3,115,6,3,0,-2,1.2697234645275755,0,3,2,2,0.13035442447289824,13,1,74.27871143445373
3,115,19,1,3,9,-5.72563101734605,1,2,3,0,0.19004893256351352,42,0,36.668890388682485
3,115,2,1,4,-1,-1.4813944775364316,0,3,2,0,7.212256009224802,9,1,92.76954724919051
3,115,23,1,2,9,5.413653236455129,0,2,1,0,5.223521201405674,5,1,1.7383771017193794
3,116,18,6,2,6,-7.09961048945837,0,0,0,1,5.443815998733044,32,1,63.71195411775261
3,116,4,6,2,8,1.5257727392203022,2,2,1,1,1.5019963448867202,5,3,7.490016659721732
3,116,30,6,2,4,-2.4183800243278664,1,2,1,1,4.416257238481194,16,0,52.44108238257468
3,116,2,1,3,6,-0.46247443495537893,0,3,0,0,2.890658797696233,11,1,83.85646776296198
3,116,8,1,3,-4,-6.371701574806082,3,2,0,1,2.708917350973934,10,1,0.33225007355213165
3,116,5,1,2,1,-0.10394086923349122,0,0,0,0,1.4521740470081568,29,1,35.26315735653043
3,117,30,6,3,9,-1.7533977158122052,1,2,0,1,6.259329859167337,42,0,79.91431525442749
3,117,14,6,1,4,3.2057808507104135,1,0,1,1,8.143705115653574,10,0,14.73420460242778
3,117,11,6,1,7,11.791983177538341,0,2,0,0,4.689167162869126,27,0,35.93953566160053
3,117,15,2,2,-5,1.6479519593246192,1,2,2,0,9.73093711771071,27,1,20.830258005298674
3,117,28,2,2,-4,-2.984333011669118,1,3,5,0,5.2395647671073675,41,0,45.333835179917514
3,117,24,2,2,3,-4.092496658704712,0,3,2,1,8.25488269329071,19,4,5.867544561624527
3,118,27,3,2,6,7.575390472267177,0,2,3,0,1.5918179205618799,35,0,28.292650799266994
3,118,12,3,0,2,1.7703985662040325,1,2,1,2,8.331666272133589,14,2,70.5499998293817
3,118,6,3,1,10,8.261845714542968,1,0,1,0,0.8750875853002071,21,0,10.012725740671158
3,118,21,5,2,2,1.0973254704391937,0,0,2,1,8.987924689427018,37,0,65.66158211790025
3,118,17,5,1,2,3.599417947285743,2,2,1,3,4.552632512059063,34,1,8.579342113807797
3,118,10,5,2,-3,0.9548676727055655,6,1,0,1,2.4876185529865324,23,2,3.576043271459639
3,119,8,1,0,9,-7.417147774153232,0,1,2,1,4.142258532810956,40,2,37.499213963747025
3,119,23,1,0,5,-6.074007475331461,1,0,2,1,7.810520001221448,15,2,8.642185106873512
3,119,19,1,3,-1,4.258912960222841,0,3,1,0,3.1187981204129755,44,0,37.200505821965635
3,119,26,4,2,-1,-0.3112714009266847,2,0,0,0,0.33216931158676744,15,0,58.806900260969996
3,119,1,4,4,2,-0.2858935500525874,2,1,1,3,6.505679129622877,21,2,24.23987064976245
3,119,3,4,2,-3,-1.8393792574134882,0,2,1,0,0.3390364209190011,33,3,98.28706744592637
3,120,15,2,3,7,-1.8727953274261533,0,3,1,0,6.873752982355654,33,2,75.8568201912567
3,120,16,2,3,2,-3.6955541327530983,1,2,1,0,7.414030288346112,7,0,34.56221092492342
3,120,22,2,3,9,0.19286541515203506,1,2,2,1,4.749580544885248,34,0,54.59622233174741
3,120,12,3,1,-3,-2.7639378955663862,1,0,0,1,1.0323200398124754,31,2,35.46028027776629
3,120,27,3,1,3,-2.1500883036181033,4,0,0,0,3.5105373384431005,40,1,85.86115390062332
3,120,29,3,3,0,3.9786590245333193,5,3,3,1,8.926844999659806,12,0,98.47736065275967
3,121,17,5,2,2,2.32473435772581,0,3,0,0,9.396684658713639,15,1,14.026263053528965
3,121,10,5,4,-5,2.5056570737159936,1,0,0,0,6.852603247389197,17,0,37.23908152896911
3,121,13,5,2,-5,1.5718370374051849,1,3,0,1,1.3895090529695153,16,1,52.280931919813156
3,121,26,4,3,7,1.551499659242094,1,0,0,0,3.9137274026870728,18,2,32.19549893401563
3,121,1,4,4,-3,-4.617947686547502,0,0,1,1,6.415142915211618,41,2,95.22581754717976
3,121,9,4,4,-4,-0.27845202296336125,0,1,0,0,0.4868533695116639,27,1,17.989892256446183
3,122,16,2,5,7,-0.44192882321123333,1,0,1,0,4.736427161842585,32,1,90.27849298436195
3,122,28,2,2,1,6.371359454437321,2,3,1,0,8.801791006699204,11,1,63.73969272244722
3,122,15,2,2,8,-3.263534951220724,2,2,1,0,8.009618180803955,21,0,19.27850558422506
3,122,14,6,3,4,-7.695655525462932,0,2,1,0,3.2128015789203346,15,1,52.62922327965498
3,122,18,6,1,-3,-14.216364664855325,1,0,2,1,9.757833303883672,34,4,38.51608212571591
3,122,4,6,2,-2,-6.340844791577921,1,0,2,1,2.283936906605959,6,2,14.964130707085133
3,123,17,5,1,-5,3.6741425093677926,0,0,2,0,3.128903708420694,35,1,20.030587911605835
3,123,13,5,3,10,-3.2636439859357678,3,0,1,0,7.9143908293917775,23,0,69.2060734378174
3,123,10,5,1,5,-0.4471883096030905,2,1,1,0,0.7900883606635034,32,1,62.110968586057425
3,123,2,1,2,5,5.162412092869106,1,1,4,1,1.334203362930566,35,1,15.2204085374251
3,123,19,1,4,2,-2.2911788377175113,2,3,1,0,3.479613568633795,24,3,24.562807800248265
3,123,5,1,1,8,-4.020121159905762,0,1,2,0,1.0714601469226182,34,1,62.78546021785587
3,124,9,4,3,2,-4.540784110907301,2,0,2,0,9.90678918780759,7,3,34.93622976820916
3,124,1,4,1,1,0.3655850966249896,0,0,0,0,0.31741808867082,43,1,85.98428082186729
3,124,3,4,0,8,1.6625589495704187,2,0,2,1,3.991615818813443,33,2,16.6077536996454
3,124,16,2,4,7,1.8791512997120652,0,2,2,0,0.3112824074923992,21,2,20.985267707146704
3,124,15,2,4,-3,-0.5734002779600114,1,1,0,1,2.471140716224909,42,0,73.96270029712468
3,124,24,2,5,7,-7.498135717999938,0,2,1,0,5.990030819084495,12,1,10.384589107707143
3,125,17,5,1,9,6.223906146484137,1,2,2,0,4.6403736411593854,29,0,82.16169427614659
3,125,13,5,5,8,4.158799301616637,0,0,1,0,6.411071894690394,41,1,16.449777595698833
3,125,21,5,2,-1,-4.891758465602534,4,0,1,0,7.125994160305709,13,2,71.18751900270581
3,125,6,3,1,-5,-3.7746329799087945,0,0,0,0,6.50218759663403,32,1,12.192637613043189
3,125,12,3,6,-4,-1.3374017339545332,2,3,1,0,3.6844187160022557,15,2,77.44254409335554
3,125,27,3,1,6,1.505427887829251,0,1,0,0,5.106963922735304,27,1,2.0637267734855413
3,126,11,6,2,6,2.669066764733168,3,1,1,1,9.766169735230505,6,0,21.891102544032037
3,126,30,6,0,9,-4.994215078708343,1,2,1,0,9.49464950710535,22,0,0.7268762681633234
3,126,18,6,3,0,0.8510647188144181,2,3,2,1,0.33352028811350465,24,2,46.185811748728156
3,126,22,2,1,7,-2.323116381442972,0,3,0,0,0.9035047073848546,40,0,6.487444066442549
3,126,15,2,2,3,-1.261463773752841,2,1,0,0,7.972790792118758,39,1,33.75762153882533
3,126,16,2,0,6,-2.452445057974351,1,2,1,0,1.382020148448646,28,0,65.93803418800235
3,127,30,6,4,-3,-10.417232842996253,0,2,1,0,0.6734286481514573,30,3,54.31335549801588
3,127,4,6,0,-5,5.115263195319466,1,1,1,2,8.463125471025705,12,0,94.64657932985574
3,127,14,6,3,6,-5.018300552060884,0,3,1,0,5.552427368238568,24,0,41.067109326831996
3,127,3,4,0,8,-1.8470435912513758,0,3,4,0,6.692197886295617,44,2,5.365766258910298
3,127,9,4,4,7,4.115869713859093,1,3,1,2,2.558341578114778,14,2,2.073306730017066
3,127,1,4,3,4,-10.277975093943784,0,3,0,0,8.645947449840605,27,1,17.189661250449717
3,128,11,6,4,-1,-5.8696518721145585,1,0,4,0,8.237850444857031,33,0,69.02165510691702
3,128,30,6,0,-1,3.6277897880725387,0,0,3,0,9.05537266517058,23,1,13.711834442801774
3,128,18,6,4,7,-7.6798070738571065,4,2,3,1,8.906015353277326,25,1,6.484826258383691
3,128,29,3,1,-5,-2.4078762945421763,0,2,2,0,0.2719559008255601,13,1,69.77895474992692
3,128,25,3,3,4,-8.49522520201118,0,1,3,1,5.6746106734499335,10,2,29.54210282769054
3,128,12,3,2,1,4.606853491866662,1,3,2,1,5.1228285767138,22,0,75.00139577314258
3,129,6,3,2,-3,-4.374307810878892,4,3,0,0,8.137753382325172,8,1,93.25349391438067
3,129,12,3,2,5,1.3977286149512647,2,3,0,0,7.657699480187148,8,1,80.86821509059519
3,129,25,3,0,3,-7.794320690935618,0,3,1,0,3.289114518556744,14,0,99.94188565760851
3,129,28,2,0,4,-6.913335372989554,0,1,0,1,7.214082458522171,40,0,64.8455471964553
3,129,22,2,1,10,3.2795134174989258,2,1,0,0,6.356780892238021,38,1,35.24219973478466
3,129,16,2,0,8,-3.188218718672587,2,3,0,0,1.6793512250296772,43,0,43.08630260638893
3,130,20,5,1,10,-4.009169504990791,0,2,0,1,0.3081614593975246,18,2,62.31670677661896
3,130,21,5,2,-5,0.3810563528265165,1,0,2,0,3.909551852848381,13,1,0.00493684783577919
3,130,10,5,3,-2,5.626877021057961,2,0,0,3,5.788977104239166,16,0,21.282917098142207
3,130,11,6,1,0,1.4278850311032,3,2,0,1,2.008271177764982,37,1,48.4184333588928
3,130,18,6,1,-5,4.254654156346696,1,3,0,0,9.212339739315212,28,2,24.180185957811773
3,130,14,6,1,-5,-8.881093150623512,1,3,4,0,3.1160400877706707,43,0,12.083012913353741
3,131,28,2,3,8,5.156805944938675,0,2,2,1,9.218048066832125,12,1,74.70926370006055
3,131,16,2,3,0,-3.9633703166201606,2,1,0,0,4.6863063564524055,45,1,89.99336694832891
3,131,15,2,2,1,0.27246225076327224,1,3,0,1,0.376119043212384,9,0,7.654899428598583
3,131,10,5,0,-2,-0.9153439475755101,0,1,0,1,2.682381998747587,41,0,74.44567885249853
3,131,21,5,2,7,-0.5582191387502277,0,0,1,1,6.4602977386675775,28,0,27.856699959374964
3,131,17,5,1,8,5.053651634127391,3,1,0,0,8.229091905523092,13,2,70.41176797356457
3,132,24,2,2,4,0.6787694370259418,0,3,2,1,1.0475448030047119,6,0,70.59923862107098
3,132,15,2,2,1,2.864807517902592,2,0,0,0,6.981022541876882,13,2,73.44478219747543
3,132,28,2,2,6,0.10634929283801708,1,0,0,0,5.342977060936391,31,0,0.8378596743568778
3,132,8,1,2,-2,-1.18377395061189,0,3,1,0,4.016294905450195,6,0,68.47067812923342
3,132,2,1,2,7,3.4537306622420183,0,1,1,1,8.343691788613796,32,0,74.35392397455871
3,132,5,1,2,9,-0.6646498932416274,1,3,0,1,7.702867372427136,31,1,37.01458559371531
3,133,19,1,0,5,3.9655734360106942,1,2,2,1,4.421910776291043,45,3,59.09450277686119
3,133,2,1,0,-3,-5.477412444397024,1,0,2,2,0.6659790081903338,39,3,92.14777830056846
3,133,5,1,3,10,2.8199603658915957,0,2,1,1,2.3488379851914942,9,1,39.9247765308246
3,133,11,6,1,7,4.261073845085096,0,3,0,0,4.9424963421188295,34,1,46.10975852701813
3,133,4,6,3,4,3.2436254838416243,2,3,2,0,0.4651539446786046,23,3,7.928767590783536
3,133,14,6,3,4,-2.5713450440875842,2,1,0,0,5.12501863297075,8,3,50.12786858715117
3,134,13,5,2,-1,-4.688372490295144,1,0,6,0,8.82263804320246,15,1,44.655948714353144
3,134,20,5,4,2,-5.753067146275001,0,0,0,0,5.481465952470899,35,0,36.21245895046741
3,134,10,5,3,0,-7.414944870814083,1,2,0,1,9.426401872187853,29,2,50.62421057373285
3,134,6,3,2,-2,-14.945465829886558,3,2,0,1,7.534832851961255,15,2,5.012483079917729
3,134,27,3,1,7,-0.347203896735618,3,0,1,0,9.974927792791277,31,0,48.59214627649635
3,134,12,3,1,-5,-2.5129430815617266,1,3,1,2,1.4661064930260181,21,1,10.527140344493091
3,135,13,5,2,-4,2.035533492071588,1,3,2,1,9.713621367700398,36,2,64.33838789816946
3,135,10,5,3,4,1.6399132567180796,0,1,1,0,0.8241751627065241,18,0,37.9367446526885
3,135,21,5,5,8,-2.5054704811563733,1,1,1,2,3.2386434450745583,22,0,6.350468937307596
3,135,4,6,3,3,9.274902952770956,1,1,0,1,4.9901447095908225,12,0,63.96689328830689
3,135,30,6,1,5,5.764374724437199,0,2,1,0,9.819578775204718,18,0,59.60591253824532
3,135,18,6,1,7,-0.6723883187996403,2,3,0,1,1.6739755822345614,39,1,96.57111437991261
3,136,2,1,0,3,-3.7622253798432723,1,2,1,0,1.7569745215587318,17,1,15.208984049968421
3,136,23,1,1,-2,-8.732251391406809,0,3,0,1,4.432128833141178,31,0,84.56357694230974
3,136,5,1,2,-4,-4.337690560785969,2,1,1,0,7.339842836372554,20,1,62.52638844307512
3,136,12,3,0,-4,-9.241376774489263,0,2,1,0,4.7514953557401896,19,0,55.354463146068156
3,136,6,3,1,1,4.574716204485941,1,3,3,1,4.959746105596423,13,1,36.55776605010033
3,136,27,3,4,3,0.632921064585227,1,3,0,0,4.835537979379296,6,1,3.349241241812706
3,137,10,5,4,3,5.6739770539823,0,1,2,0,3.0088003166019917,38,2,87.65800441615283
3,137,21,5,4,-2,0.2775569994328139,2,2,0,0,5.039939263369888,20,0,11.738002160564065
3,137,20,5,2,2,-3.0106665087453215,0,2,0,0,3.773124807048589,35,0,41.02182800415903
3,137,29,3,1,4,-1.287161562959597,2,0,2,1,4.880564145278186,25,1,53.55576623696834
3,137,12,3,4,6,-3.7477402651577534,1,1,1,2,7.387719973921776,36,1,80.45887106563896
3,137,25,3,2,-1,0.40964604940837757,0,1,0,0,7.375997714698315,42,2,74.64486497920007
3,138,15,2,3,0,6.218797473466184,1,3,0,1,8.419562496710569,39,0,60.962941497564316
3,138,22,2,1,3,-2.1060039299977658,3,2,0,1,2.6914993044920266,19,2,60.51381598226726
3,138,24,2,1,-4,6.088640486425945,2,2,3,2,8.075128635391593,34,0,17.595682572573423
3,138,5,1,0,2,-11.216203049546367,0,3,0,2,3.5659105400554836,13,0,13.811304117552936
3,138,2,1,0,1,-6.188332950188236,0,1,1,0,0.9695445629768074,28,3,58.85499729774892
3,138,19,1,2,4,4.456332077546531,2,2,2,0,4.572149072773755,9,1,49.33177554048598
3,139,29,3,1,9,-8.450098316275946,0,1,1,0,2.579964892938733,5,2,84.35383164323866
3,139,12,3,1,10,-0.38323678170417963,0,0,0,0,1.9428846891969442,14,0,80.37566500715911
3,139,27,3,1,7,1.521991018950228,0,2,2,1,1.8268162570893764,18,1,32.40830933209509
3,139,5,1,1,-3,9.47672111160597,1,1,2,1,7.994954120367765,23,0,91.07322006020695
3,139,8,1,3,-3,-4.392814233169529,2,3,2,0,4.807446443010122,31,1,0.8829884929582477
3,139,2,1,0,2,1.5384470004722228,2,3,0,0,7.454420344438404,13,2,61.02370850276202
3,140,13,5,1,-5,1.8794950660636895,0,0,1,0,3.7974151875823736,33,2,48.470275942236185
3,140,17,5,3,-1,-0.7393282005181452,3,1,1,2,0.35872416803613305,13,0,90.89348409324884
3,140,20,5,2,0,5.565664455741885,0,0,1,0,6.13304874394089,39,1,96.0439414717257
3,140,1,4,1,9,3.129613926815329,3,2,0,0,3.6532324901781976,8,1,55.14417209196836
3,140,26,4,1,-3,5.340599284506812,1,2,1,0,1.8275501625612378,33,1,46.40787749085575
3,140,7,4,1,8,-3.7227876894162297,0,1,0,0,9.789481607731432,21,1,60.487246816046536
3,141,11,6,2,-4,-11.376447131361566,0,3,2,0,8.219822498504072,19,0,51.09654313419014
3,141,30,6,0,-3,6.973447550889419,2,2,2,0,9.806983165908605,43,2,36.7056951392442
3,141,14,6,1,3,-0.7388062127007984,0,3,2,0,7.822678212542087,33,1,53.44586847350001
3,141,29,3,1,3,1.551789259886707,1,1,1,0,8.60501564340666,26,2,36.859628185629845
3,141,6,3,4,2,6.9637737238672575,1,0,3,0,4.5569911086931825,30,0,64.47219450492412
3,141,12,3,1,9,7.7114328722846555,0,1,1,0,1.3196927192620933,12,2,55.09423448238522
3,142,24,2,4,1,3.268933697986769,3,2,0,0,8.937983978539705,6,3,80.81270854454488
3,142,28,2,1,-5,-9.874329542912546,1,3,1,1,6.346978691872209,11,2,14.004192408174276
3,142,16,2,0,-5,-3.2295557768338377,2,0,1,0,4.729711015243083,41,1,76.18334593717009
3,142,10,5,3,8,-10.681885923766439,0,1,2,2,9.644079322461039,16,1,69.084058329463
3,142,21,5,1,-3,-0.16887243177971714,0,1,0,0,1.0670875920914114,17,1,55.249714152887464
3,142,17,5,2,3,-5.055317382990781,1,3,1,0,2.056400638539344,9,0,63.63936071284115
3,143,5,1,3,7,-2.6408633853437937,3,0,1,0,8.55527161154896,36,1,95.5528776627034
3,143,8,1,2,-5,5.7113315698040745,2,0,1,1,8.80271035945043,7,3,38.52665589656681
3,143,23,1,2,1,4.733321185794954,0,2,2,0,5.978021179325879,15,2,24.93956028483808
3,143,26,4,2,7,0.05319628251622178,0,1,2,0,6.997548544313759,26,1,60.3783696424216
3,143,3,4,2,-1,-0.9240898805819748,1,2,2,2,8.260811297222972,44,0,13.058606651611626
3,143,9,4,0,-2,2.709210529041725,0,1,1,0,6.387427835725248,31,1,55.14143346808851
3,144,5,1,2,0,2.1990183195711746,1,1,2,2,9.205051311291754,38,0,27.73862045723945
3,144,23,1,5,8,5.076297040704669,1,3,0,1,6.049242997542024,6,3,21.548304171301425
3,144,19,1,2,6,-3.032766929812218,1,0,0,0,3.233272342476994,40,1,69.9457275448367
3,144,21,5,4,-3,-4.13438257465803,0,3,3,0,5.929680028930306,31,1,82.13841358665377
3,144,20,5,1,1,-2.4149057989020575,0,0,2,0,8.728333327453583,20,1,18.9719453221187
3,144,10,5,4,2,1.7494688762155128,1,2,0,0,8.937958730384707,24,0,90.60602430254221
3,145,8,1,0,9,1.8663653999550265,0,3,1,1,8.30261355964467,24,0,98.26779866125435
3,145,2,1,5,0,0.5391849034882711,2,0,0,1,0.42553223902359605,13,2,72.48707320541143
3,145,23,1,0,10,6.2305536862807545,0,0,2,0,3.3823590935207903,23,0,62.47369251213968
3,145,4,6,1,8,-9.971292192032898,1,1,1,0,1.9128570170141757,12,1,45.37821307312697
3,145,14,6,0,-1,-1.3474566381000201,3,1,2,0,7.30115219950676,27,1,65.0420521851629
3,145,11,6,1,6,-7.418911938617167,0,1,1,0,5.0376174272969365,34,0,58.72084980364889
3,146,23,1,1,5,2.0699363507065516,1,1,1,1,3.6244325223378837,11,0,95.69944320246577
3,146,5,1,4,-5,3.340848820202526,0,1,0,1,5.277779591269791,21,0,84.96033202391118
3,146,2,1,1,2,5.919771588687354,0,1,1,0,5.732126259244978,28,0,32.179641420952976
3,146,26,4,1,4,2.1175152888331983,0,2,0,1,2.2105105640366673,7,0,22.25396907888353
3,146,3,4,2,-3,0.9150531015983672,1,1,2,1,3.2659194292500615,33,0,43.0275724735111
3,146,7,4,3,-4,0.7537136289656644,1,2,2,0,0.8352235122583807,43,1,1.0098275961354375
3,147,25,3,2,-3,2.9040151412113726,3,1,0,1,3.8995595183223486,22,0,62.250786600634456
3,147,6,3,0,6,-3.992363357730576,0,1,1,0,9.281765804626048,12,0,77.30479871388525
3,147,29,3,0,6,1.9058734114610476,0,3,0,0,4.29545238846913,21,2,4.332420462742448
3,147,13,5,0,1,-2.1287591292661734,1,2,1,1,2.285140415187925,31,1,60.81668126862496
3,147,21,5,3,-2,4.060622858711963,0,3,0,1,3.701425122562796,15,0,49.89981378894299
3,147,17,5,6,9,15.293598196915866,1,2,0,0,8.14284898340702,15,0,37.759856740012765
3,148,7,4,3,7,5.018537168757847,2,1,2,2,3.413321729749441,28,1,8.407289767637849
3,148,9,4,2,-2,8.585220783051472,2,2,0,0,6.347690601833165,25,0,93.81749406456947
3,148,1,4,3,6,4.552325227026612,0,3,0,1,7.191307358443737,12,1,43.03673061076552
3,148,25,3,1,5,-6.3455198208980255,1,0,1,1,5.093309069052339,19,3,14.67042239382863
3,148,29,3,7,7,11.618239030665391,0,2,1,0,4.013271813746542,35,1,80.36765821743757
3,148,6,3,2,3,3.1571061416852046,2,0,1,2,8.449088260531425,24,1,33.06558160111308
3,149,20,5,2,-2,1.0588471202290886,1,0,1,0,5.606249053962529,28,0,16.763218981213868
3,149,13,5,3,4,-3.450196303305002,3,1,0,0,9.722723162267357,43,1,89.62578438222408
3,149,17,5,2,5,-7.348094873192942,0,0,1,0,2.0456126937642694,32,1,54.89347723778337
3,149,22,2,1,-4,-7.938638285204411,2,0,1,0,0.8692505559884012,35,3,66.8781828135252
3,149,24,2,2,2,-3.4588724600559937,0,1,1,0,6.08356730081141,8,0,72.88522298913449
3,149,16,2,1,-3,-7.847427636989851,1,3,1,0,9.861964927986264,44,1,56.172983441501856
3,150,11,6,0,-4,1.0068454495623473,0,3,1,0,4.573241502512246,19,1,45.86152909323573
3,150,4,6,1,4,0.3938700722425995,0,0,1,0,4.093494650442153,31,1,10.094429808668792
3,150,14,6,1,-4,-6.52863708851166,1,2,1,1,5.03069790545851,41,0,48.79213743843138
3,150,22,2,3,10,3.0786051609077223,1,0,1,1,0.7464838726446033,10,0,93.37248059455305
3,150,15,2,2,-3,7.934657126639633,0,0,1,0,7.435457052197307,24,2,68.02726520691067
3,150,24,2,0,-1,0.01152711780086626,0,3,1,2,2.364706206135452,11,1,49.97329246252775
